survey_item_ID,Study,module,item_type,item_name,item_value,FRE_FR,item_is_source
EVS_R05_2017_FRE_FR_0,EVS_R05_2017,A,INTRODUCTION,Q1,,"NOUS ALLONS COMMENCER PAR QUELQUES QUESTIONS SUR LA VIE EN GÉNÉRAL, LES LOISIRS ET LE TRAVAIL.",False
EVS_R05_2017_FRE_FR_0,EVS_R05_2017,A,INSTRUCTION,Q1,,LIRE ET CODER UNE REPONSE PAR LIGNE,False
EVS_R05_2017_FRE_FR_0,EVS_R05_2017,A,REQUEST,Q1,,Travail,False
EVS_R05_2017_FRE_FR_0,EVS_R05_2017,A,REQUEST,Q1,,Famille,False
EVS_R05_2017_FRE_FR_0,EVS_R05_2017,A,REQUEST,Q1,,Amis et relations,False
EVS_R05_2017_FRE_FR_0,EVS_R05_2017,A,REQUEST,Q1,,Loisirs,False
EVS_R05_2017_FRE_FR_0,EVS_R05_2017,A,REQUEST,Q1,,Politique,False
EVS_R05_2017_FRE_FR_0,EVS_R05_2017,A,REQUEST,Q1,,Religion,False
EVS_R05_2017_FRE_FR_0,EVS_R05_2017,A,RESPONSE,Q1,888,NSP,False
EVS_R05_2017_FRE_FR_1,EVS_R05_2017,A,INSTRUCTION,Q2,,MONTRER CARTE,False
EVS_R05_2017_FRE_FR_1,EVS_R05_2017,A,RESPONSE,Q2,1,...très heureux,False
EVS_R05_2017_FRE_FR_1,EVS_R05_2017,A,RESPONSE,Q2,2,...assez heureux,False
EVS_R05_2017_FRE_FR_1,EVS_R05_2017,A,RESPONSE,Q2,3,...pas très heureux,False
EVS_R05_2017_FRE_FR_1,EVS_R05_2017,A,RESPONSE,Q2,4,...pas heureux du tout,False
EVS_R05_2017_FRE_FR_1,EVS_R05_2017,A,RESPONSE,Q2,888,Ne sait pas (spontané),False
EVS_R05_2017_FRE_FR_1,EVS_R05_2017,A,RESPONSE,Q2,999,Non réponse (spontané),False
EVS_R05_2017_FRE_FR_2,EVS_R05_2017,A,INSTRUCTION,Q3,,MONTRER CARTE,False
EVS_R05_2017_FRE_FR_2,EVS_R05_2017,A,RESPONSE,Q3,1,... très bon,False
EVS_R05_2017_FRE_FR_2,EVS_R05_2017,A,RESPONSE,Q3,2,... bon,False
EVS_R05_2017_FRE_FR_2,EVS_R05_2017,A,RESPONSE,Q3,3,... acceptable,False
EVS_R05_2017_FRE_FR_2,EVS_R05_2017,A,RESPONSE,Q3,4,... plutôt mauvais,False
EVS_R05_2017_FRE_FR_2,EVS_R05_2017,A,RESPONSE,Q3,5,... très mauvais,False
EVS_R05_2017_FRE_FR_2,EVS_R05_2017,A,RESPONSE,Q3,888,Ne sait pas (spontané),False
EVS_R05_2017_FRE_FR_2,EVS_R05_2017,A,RESPONSE,Q3,999,Non réponse (spontané),False
EVS_R05_2017_FRE_FR_3,EVS_R05_2017,A,INSTRUCTION,Q4,,MONTRER CARTE,False
EVS_R05_2017_FRE_FR_3,EVS_R05_2017,A,REQUEST,Q4,,"Veuillez lire attentivement cette liste d'associations et me dire s'il y en a dont vous faites partie et, si oui, lesquelles ?",False
EVS_R05_2017_FRE_FR_3,EVS_R05_2017,A,REQUEST,Q4,,Aucun (spontané),False
EVS_R05_2017_FRE_FR_3,EVS_R05_2017,A,RESPONSE,Q4,2,Pas cité,False
EVS_R05_2017_FRE_FR_3,EVS_R05_2017,A,RESPONSE,Q4,888,NSP,False
EVS_R05_2017_FRE_FR_4,EVS_R05_2017,A,REQUEST,Q5,,"Au cours des six derniers mois, avez-vous effectué du travail bénévole ?",False
EVS_R05_2017_FRE_FR_4,EVS_R05_2017,A,RESPONSE,Q5,888,Ne sait pas (spontané),False
EVS_R05_2017_FRE_FR_4,EVS_R05_2017,A,RESPONSE,Q5,999,Non réponse (spontané),False
EVS_R05_2017_FRE_FR_5,EVS_R05_2017,A,INSTRUCTION,Q6,,MONTRER CARTE,False
EVS_R05_2017_FRE_FR_5,EVS_R05_2017,A,REQUEST,Q6,,Sur cette liste figurent différentes catégories de gens.,False
EVS_R05_2017_FRE_FR_5,EVS_R05_2017,A,REQUEST,Q6,,Voulez-vous m'indiquer s'il y en a que vous n'aimeriez pas avoir comme voisins?,False
EVS_R05_2017_FRE_FR_5,EVS_R05_2017,A,REQUEST,Q6,,Des gens d'une autre race,False
EVS_R05_2017_FRE_FR_5,EVS_R05_2017,A,REQUEST,Q6,,Des travailleurs étrangers ou des immigrés,False
EVS_R05_2017_FRE_FR_5,EVS_R05_2017,A,REQUEST,Q6,,Des homosexuels,False
EVS_R05_2017_FRE_FR_5,EVS_R05_2017,A,REQUEST,Q6,,Des musulmans,False
EVS_R05_2017_FRE_FR_5,EVS_R05_2017,A,REQUEST,Q6,,Des gitans,False
EVS_R05_2017_FRE_FR_5,EVS_R05_2017,A,RESPONSE,Q6,888,NSP,False
EVS_R05_2017_FRE_FR_6,EVS_R05_2017,A,REQUEST,Q7,,"D'une manière générale, diriez-vous qu'on peut faire confiance à la plupart des gens ou qu'on n'est jamais assez prudent quand on a affaire aux autres ?",False
EVS_R05_2017_FRE_FR_6,EVS_R05_2017,A,RESPONSE,Q7,2,On n'est jamais assez prudent quand on a affaire aux autres,False
EVS_R05_2017_FRE_FR_6,EVS_R05_2017,A,RESPONSE,Q7,888,Ne sait pas (spontané),False
EVS_R05_2017_FRE_FR_6,EVS_R05_2017,A,RESPONSE,Q7,999,Non réponse (spontané),False
EVS_R05_2017_FRE_FR_7,EVS_R05_2017,A,INSTRUCTION,Q8,,MONTRER CARTE,False
EVS_R05_2017_FRE_FR_7,EVS_R05_2017,A,REQUEST,Q8,,J'aimerais vous demander dans quelle mesure vous faites confiance à différentes catégories de gens.,False
EVS_R05_2017_FRE_FR_7,EVS_R05_2017,A,REQUEST,Q8,,"Pouvez-vous me dire pour chacune, si vous lui faites...",False
EVS_R05_2017_FRE_FR_7,EVS_R05_2017,A,RESPONSE,Q8,1,...tout à fait confiance,False
EVS_R05_2017_FRE_FR_7,EVS_R05_2017,A,RESPONSE,Q8,2,...plutôt confiance,False
EVS_R05_2017_FRE_FR_7,EVS_R05_2017,A,RESPONSE,Q8,3,...plutôt pas confiance,False
EVS_R05_2017_FRE_FR_7,EVS_R05_2017,A,RESPONSE,Q8,4,...pas du tout confiance,False
EVS_R05_2017_FRE_FR_7,EVS_R05_2017,A,RESPONSE,Q8,888,NSP,False
EVS_R05_2017_FRE_FR_8,EVS_R05_2017,A,INSTRUCTION,Q9,,MONTRER CARTE,False
EVS_R05_2017_FRE_FR_8,EVS_R05_2017,A,RESPONSE,Q9,1,Pas du tout libre,False
EVS_R05_2017_FRE_FR_8,EVS_R05_2017,A,RESPONSE,Q9,10,Tout à fait libre,False
EVS_R05_2017_FRE_FR_8,EVS_R05_2017,A,RESPONSE,Q9,888,NSP,False
EVS_R05_2017_FRE_FR_9,EVS_R05_2017,A,INSTRUCTION,Q10,,MONTRER CARTE,False
EVS_R05_2017_FRE_FR_9,EVS_R05_2017,A,RESPONSE,Q10,1,Pas du tout satisfait,False
EVS_R05_2017_FRE_FR_9,EVS_R05_2017,A,RESPONSE,Q10,10,Tout à fait satisfait,False
EVS_R05_2017_FRE_FR_9,EVS_R05_2017,A,RESPONSE,Q10,888,NSP,False
EVS_R05_2017_FRE_FR_10,EVS_R05_2017,A,INSTRUCTION,Q11,,MONTRER CARTE,False
EVS_R05_2017_FRE_FR_10,EVS_R05_2017,A,REQUEST,Q11,,Voici quelques aspects qui peuvent être considérés comme importants pour un emploi.,False
EVS_R05_2017_FRE_FR_10,EVS_R05_2017,A,REQUEST,Q11,,Quels sont ceux qui vous paraissent personnellement importants ?,False
EVS_R05_2017_FRE_FR_10,EVS_R05_2017,A,REQUEST,Q11,,L'horaire est satisfaisant,False
EVS_R05_2017_FRE_FR_10,EVS_R05_2017,A,REQUEST,Q11,,Il y a de bonnes vacances,False
EVS_R05_2017_FRE_FR_10,EVS_R05_2017,A,REQUEST,Q11,,On a des responsabilités,False
EVS_R05_2017_FRE_FR_10,EVS_R05_2017,A,RESPONSE,Q11,888,NSP,False
EVS_R05_2017_FRE_FR_11,EVS_R05_2017,A,INSTRUCTION,Q12,,MONTRER CARTE,False
EVS_R05_2017_FRE_FR_11,EVS_R05_2017,A,REQUEST,Q12,,Etes-vous d'accord ou pas avec les phrases suivantes ?,False
EVS_R05_2017_FRE_FR_11,EVS_R05_2017,A,RESPONSE,Q12,888,NSP,False
EVS_R05_2017_FRE_FR_12,EVS_R05_2017,A,REQUEST,Q13,,Considérez-vous que vous appartenez à une religion ?,False
EVS_R05_2017_FRE_FR_12,EVS_R05_2017,A,RESPONSE,Q13,888,Ne sait pas (spontané),False
EVS_R05_2017_FRE_FR_12,EVS_R05_2017,A,RESPONSE,Q13,999,Non réponse (spontané),False
EVS_R05_2017_FRE_FR_13,EVS_R05_2017,A,INSTRUCTION,Q13a,,MONTRER CARTE,False
EVS_R05_2017_FRE_FR_13,EVS_R05_2017,A,RESPONSE,Q13a,1,Catholique,False
EVS_R05_2017_FRE_FR_13,EVS_R05_2017,A,RESPONSE,Q13a,2,Protestante,False
EVS_R05_2017_FRE_FR_13,EVS_R05_2017,A,RESPONSE,Q13a,3,Evangélique / Eglise libre,False
EVS_R05_2017_FRE_FR_13,EVS_R05_2017,A,RESPONSE,Q13a,4,Juive,False
EVS_R05_2017_FRE_FR_13,EVS_R05_2017,A,RESPONSE,Q13a,5,Musulmane,False
EVS_R05_2017_FRE_FR_13,EVS_R05_2017,A,RESPONSE,Q13a,6,Hindoue,False
EVS_R05_2017_FRE_FR_13,EVS_R05_2017,A,RESPONSE,Q13a,777,Bouddhiste,False
EVS_R05_2017_FRE_FR_13,EVS_R05_2017,A,RESPONSE,Q13a,888,Orthodoxe,False
EVS_R05_2017_FRE_FR_13,EVS_R05_2017,A,RESPONSE,Q13a,30,"Une autre religion, préciser (Ecrire en clair) :",False
EVS_R05_2017_FRE_FR_13,EVS_R05_2017,A,RESPONSE,Q13a,888,Ne sait pas (spontané),False
EVS_R05_2017_FRE_FR_13,EVS_R05_2017,A,RESPONSE,Q13a,999,Non réponse (spontané),False
EVS_R05_2017_FRE_FR_13,EVS_R05_2017,A,RESPONSE,Q13a,777,Non concerné,False
EVS_R05_2017_FRE_FR_14,EVS_R05_2017,A,INSTRUCTION,Q14,,INSTRUCTION ENQUÊTEUR :,False
EVS_R05_2017_FRE_FR_14,EVS_R05_2017,A,REQUEST,Q14,,Avez-vous appartenu à une religion ?,False
EVS_R05_2017_FRE_FR_14,EVS_R05_2017,A,RESPONSE,Q14,888,Ne sait pas (spontané),False
EVS_R05_2017_FRE_FR_14,EVS_R05_2017,A,RESPONSE,Q14,999,Non réponse (spontané),False
EVS_R05_2017_FRE_FR_14,EVS_R05_2017,A,RESPONSE,Q14,777,Non concerné,False
EVS_R05_2017_FRE_FR_15,EVS_R05_2017,A,INSTRUCTION,Q15,,MONTRER CARTE,False
EVS_R05_2017_FRE_FR_15,EVS_R05_2017,A,REQUEST,Q15,,"En dehors des mariages, des enterrements et des baptêmes, tous les combien assistez-vous à un service religieux ?",False
EVS_R05_2017_FRE_FR_15,EVS_R05_2017,A,RESPONSE,Q15,888,Ne sait pas (spontané),False
EVS_R05_2017_FRE_FR_15,EVS_R05_2017,A,RESPONSE,Q15,999,Non réponse (spontané),False
EVS_R05_2017_FRE_FR_16,EVS_R05_2017,A,INSTRUCTION,Q16,,MONTRER CARTE,False
EVS_R05_2017_FRE_FR_16,EVS_R05_2017,A,REQUEST,Q16,,"Et lorsque vous aviez douze ans, en dehors des mariages, des enterrements et des baptêmes, tous les combien assistiez-vous à un service religieux ?",False
EVS_R05_2017_FRE_FR_16,EVS_R05_2017,A,RESPONSE,Q16,999,Non réponse (spontané),False
EVS_R05_2017_FRE_FR_17,EVS_R05_2017,A,REQUEST,Q17,,"Indépendamment du fait que vous êtes pratiquant ou non, diriez-vous que vous êtes quelqu'un de religieux, de non religieux ou un athée convaincu ?",False
EVS_R05_2017_FRE_FR_17,EVS_R05_2017,A,INSTRUCTION,Q17,,LIRE ET CODER UNE SEULE REPONSE,False
EVS_R05_2017_FRE_FR_17,EVS_R05_2017,A,RESPONSE,Q17,2,...de non religieux,False
EVS_R05_2017_FRE_FR_17,EVS_R05_2017,A,RESPONSE,Q17,3,...un athée convaincu,False
EVS_R05_2017_FRE_FR_17,EVS_R05_2017,A,RESPONSE,Q17,888,Ne sait pas (spontané),False
EVS_R05_2017_FRE_FR_17,EVS_R05_2017,A,RESPONSE,Q17,999,Non réponse (spontané),False
EVS_R05_2017_FRE_FR_18,EVS_R05_2017,A,REQUEST,Q18,,Croyez-vous ou non...,False
EVS_R05_2017_FRE_FR_18,EVS_R05_2017,A,INSTRUCTION,Q18,,LIRE ET CODER UNE REPONSE PAR LIGNE,False
EVS_R05_2017_FRE_FR_18,EVS_R05_2017,A,REQUEST,Q18,,...en Dieu,False
EVS_R05_2017_FRE_FR_18,EVS_R05_2017,A,REQUEST,Q18,,...à une vie après la mort,False
EVS_R05_2017_FRE_FR_18,EVS_R05_2017,A,REQUEST,Q18,,...à l'enfer,False
EVS_R05_2017_FRE_FR_18,EVS_R05_2017,A,REQUEST,Q18,,...au paradis,False
EVS_R05_2017_FRE_FR_18,EVS_R05_2017,A,RESPONSE,Q18,888,NSP,False
EVS_R05_2017_FRE_FR_19,EVS_R05_2017,A,REQUEST,Q19,,"Croyez-vous à la réincarnation, c'est-à-dire que nous avons eu d'autres vies dans le passé et que nous renaîtrons à nouveau dans ce monde ?",False
EVS_R05_2017_FRE_FR_19,EVS_R05_2017,A,RESPONSE,Q19,888,Ne sait pas (spontané),False
EVS_R05_2017_FRE_FR_19,EVS_R05_2017,A,RESPONSE,Q19,999,Non réponse (spontané),False
EVS_R05_2017_FRE_FR_20,EVS_R05_2017,A,INSTRUCTION,Q20,,MONTRER CARTE,False
EVS_R05_2017_FRE_FR_20,EVS_R05_2017,A,REQUEST,Q20,,Laquelle de ces opinions se rapproche le plus de ce que vous croyez ?,False
EVS_R05_2017_FRE_FR_20,EVS_R05_2017,A,RESPONSE,Q20,2,Il y a une sorte d'esprit ou de force vitale,False
EVS_R05_2017_FRE_FR_20,EVS_R05_2017,A,RESPONSE,Q20,3,Je ne sais pas trop quoi penser,False
EVS_R05_2017_FRE_FR_20,EVS_R05_2017,A,RESPONSE,Q20,4,"Je ne pense pas qu'il existe quelque chose comme un esprit, un Dieu ou une force vitale",False
EVS_R05_2017_FRE_FR_20,EVS_R05_2017,A,RESPONSE,Q20,888,Ne sait pas (spontané),False
EVS_R05_2017_FRE_FR_20,EVS_R05_2017,A,RESPONSE,Q20,999,Non réponse (spontané),False
EVS_R05_2017_FRE_FR_21,EVS_R05_2017,A,INSTRUCTION,Q21,,MONTRER CARTE,False
EVS_R05_2017_FRE_FR_21,EVS_R05_2017,A,RESPONSE,Q21,1,Pas du tout important,False
EVS_R05_2017_FRE_FR_21,EVS_R05_2017,A,RESPONSE,Q21,10,Tout à fait important,False
EVS_R05_2017_FRE_FR_21,EVS_R05_2017,A,RESPONSE,Q21,888,NSP,False
EVS_R05_2017_FRE_FR_22,EVS_R05_2017,A,INSTRUCTION,Q22,,MONTRER CARTE,False
EVS_R05_2017_FRE_FR_22,EVS_R05_2017,A,REQUEST,Q22,,"En dehors des services religieux, vous arrive-t-il de prier ?",False
EVS_R05_2017_FRE_FR_22,EVS_R05_2017,A,REQUEST,Q22,,Cela vous arrive-t-il...,False
EVS_R05_2017_FRE_FR_22,EVS_R05_2017,A,RESPONSE,Q22,2,...plus d'une fois par semaine,False
EVS_R05_2017_FRE_FR_22,EVS_R05_2017,A,RESPONSE,Q22,3,...une fois par semaine,False
EVS_R05_2017_FRE_FR_22,EVS_R05_2017,A,RESPONSE,Q22,4,...au moins une fois par mois,False
EVS_R05_2017_FRE_FR_22,EVS_R05_2017,A,RESPONSE,Q22,5,...plusieurs fois par an,False
EVS_R05_2017_FRE_FR_22,EVS_R05_2017,A,RESPONSE,Q22,6,...moins souvent,False
EVS_R05_2017_FRE_FR_22,EVS_R05_2017,A,RESPONSE,Q22,777,...jamais,False
EVS_R05_2017_FRE_FR_22,EVS_R05_2017,A,RESPONSE,Q22,888,Ne sait pas (spontané),False
EVS_R05_2017_FRE_FR_22,EVS_R05_2017,A,RESPONSE,Q22,999,Non réponse (spontané),False
EVS_R05_2017_FRE_FR_23,EVS_R05_2017,B,INTRODUCTION,Q23,,LES QUESTIONS SUIVANTES PORTENT SUR LA VIE FAMILIALE ET LE MARIAGE,False
EVS_R05_2017_FRE_FR_23,EVS_R05_2017,B,INSTRUCTION,Q23,,LIRE ET CODER UNE REPONSE PAR LIGNE,False
EVS_R05_2017_FRE_FR_23,EVS_R05_2017,B,RESPONSE,Q23,1,Très important,False
EVS_R05_2017_FRE_FR_23,EVS_R05_2017,B,RESPONSE,Q23,2,Assez important,False
EVS_R05_2017_FRE_FR_23,EVS_R05_2017,B,RESPONSE,Q23,3,Pas très important,False
EVS_R05_2017_FRE_FR_23,EVS_R05_2017,B,RESPONSE,Q23,888,NSP,False
EVS_R05_2017_FRE_FR_24,EVS_R05_2017,B,REQUEST,Q24,,Etes-vous d'accord ou pas avec l'opinion suivante : le mariage est une institution dépassée ?,False
EVS_R05_2017_FRE_FR_24,EVS_R05_2017,B,RESPONSE,Q24,2,Pas d'accord,False
EVS_R05_2017_FRE_FR_24,EVS_R05_2017,B,RESPONSE,Q24,888,Ne sait pas (spontané),False
EVS_R05_2017_FRE_FR_24,EVS_R05_2017,B,RESPONSE,Q24,999,Non réponse (spontané),False
EVS_R05_2017_FRE_FR_25,EVS_R05_2017,B,INSTRUCTION,Q25,,MONTRER CARTE,False
EVS_R05_2017_FRE_FR_25,EVS_R05_2017,B,REQUEST,Q25,,"Pour chacune des opinions que je vais vous lire, pouvez-vous me dire si vous êtes tout à fait d'accord, plutôt d'accord, plutôt pas d'accord, pas d'accord du tout ?",False
EVS_R05_2017_FRE_FR_25,EVS_R05_2017,B,RESPONSE,Q25,1,Tout à fait d'accord,False
EVS_R05_2017_FRE_FR_25,EVS_R05_2017,B,RESPONSE,Q25,2,Plutôt d'accord,False
EVS_R05_2017_FRE_FR_25,EVS_R05_2017,B,RESPONSE,Q25,3,Plutôt pas d'accord,False
EVS_R05_2017_FRE_FR_25,EVS_R05_2017,B,RESPONSE,Q25,4,Pas d'accord du tout,False
EVS_R05_2017_FRE_FR_25,EVS_R05_2017,B,RESPONSE,Q25,888,NSP,False
EVS_R05_2017_FRE_FR_26,EVS_R05_2017,B,INSTRUCTION,Q26,,MONTRER CARTE,False
EVS_R05_2017_FRE_FR_26,EVS_R05_2017,B,REQUEST,Q26,,Etes-vous d'accord ou pas d'accord avec les affirmations suivantes ?,False
EVS_R05_2017_FRE_FR_26,EVS_R05_2017,B,RESPONSE,Q26,888,NSP,False
EVS_R05_2017_FRE_FR_27,EVS_R05_2017,B,INSTRUCTION,Q27,,MONTRER CARTE,False
EVS_R05_2017_FRE_FR_27,EVS_R05_2017,B,REQUEST,Q27,,Et êtes-vous d'accord ou pas d'accord avec les affirmations suivantes ?,False
EVS_R05_2017_FRE_FR_27,EVS_R05_2017,B,RESPONSE,Q27,888,NSP,False
EVS_R05_2017_FRE_FR_28,EVS_R05_2017,B,INSTRUCTION,Q28,,MONTRER CARTE,False
EVS_R05_2017_FRE_FR_28,EVS_R05_2017,B,REQUEST,Q28,,Voici une liste de qualités que les parents peuvent chercher à  encourager chez leurs enfants.,False
EVS_R05_2017_FRE_FR_28,EVS_R05_2017,B,REQUEST,Q28,,Quelles sont les cinq qualités les plus souhaitables à acquérir pour un enfant ?,False
EVS_R05_2017_FRE_FR_28,EVS_R05_2017,B,REQUEST,Q28,,Les bonnes manières,False
EVS_R05_2017_FRE_FR_28,EVS_R05_2017,B,REQUEST,Q28,,L'application au travail,False
EVS_R05_2017_FRE_FR_28,EVS_R05_2017,B,REQUEST,Q28,,L'imagination,False
EVS_R05_2017_FRE_FR_28,EVS_R05_2017,B,REQUEST,Q28,,"L'esprit d'économie, ne pas gaspiller l'argent ni les choses",False
EVS_R05_2017_FRE_FR_28,EVS_R05_2017,B,REQUEST,Q28,,La foi religieuse,False
EVS_R05_2017_FRE_FR_28,EVS_R05_2017,B,REQUEST,Q28,,L'obéissance,False
EVS_R05_2017_FRE_FR_28,EVS_R05_2017,B,RESPONSE,Q28,888,NSP,False
EVS_R05_2017_FRE_FR_29,EVS_R05_2017,,INTRODUCTION,INTRO3,,JE VAIS MAINTENANT VOUS POSER QUELQUES QUESTIONS SUR DES SUJETS DE SOCIETE,False
EVS_R05_2017_FRE_FR_30,EVS_R05_2017,C,INSTRUCTION,Q29,,MONTRER CARTE,False
EVS_R05_2017_FRE_FR_30,EVS_R05_2017,C,RESPONSE,Q29,1,...très intéressé,False
EVS_R05_2017_FRE_FR_30,EVS_R05_2017,C,RESPONSE,Q29,2,...assez intéressé,False
EVS_R05_2017_FRE_FR_30,EVS_R05_2017,C,RESPONSE,Q29,3,...pas très intéressé,False
EVS_R05_2017_FRE_FR_30,EVS_R05_2017,C,RESPONSE,Q29,4,...pas du tout intéressé,False
EVS_R05_2017_FRE_FR_30,EVS_R05_2017,C,RESPONSE,Q29,888,Ne sait pas (spontané),False
EVS_R05_2017_FRE_FR_30,EVS_R05_2017,C,RESPONSE,Q29,999,Non réponse (spontané),False
EVS_R05_2017_FRE_FR_31,EVS_R05_2017,C,INSTRUCTION,Q30,,MONTRER CARTE,False
EVS_R05_2017_FRE_FR_31,EVS_R05_2017,C,REQUEST,Q30,,"Je vais vous citer plusieurs formes d'action politique, et pour chacune je vous demanderai de me dire si vous l'avez déjà fait, si vous pourriez en venir à le faire ou si vous ne le feriez jamais, quelles que soient les circonstances?",False
EVS_R05_2017_FRE_FR_31,EVS_R05_2017,C,REQUEST,Q30,,Signer une pétition,False
EVS_R05_2017_FRE_FR_31,EVS_R05_2017,C,REQUEST,Q30,,Prendre part à une manifestation autorisée,False
EVS_R05_2017_FRE_FR_31,EVS_R05_2017,C,RESPONSE,Q30,1,A déjà fait,False
EVS_R05_2017_FRE_FR_31,EVS_R05_2017,C,RESPONSE,Q30,2,Pourrait faire,False
EVS_R05_2017_FRE_FR_31,EVS_R05_2017,C,RESPONSE,Q30,3,Ne fera jamais,False
EVS_R05_2017_FRE_FR_31,EVS_R05_2017,C,RESPONSE,Q30,888,NSP,False
EVS_R05_2017_FRE_FR_32,EVS_R05_2017,C,INSTRUCTION,Q31,,MONTRER CARTE,False
EVS_R05_2017_FRE_FR_32,EVS_R05_2017,C,RESPONSE,Q31,1,Gauche,False
EVS_R05_2017_FRE_FR_32,EVS_R05_2017,C,RESPONSE,Q31,10,Droite,False
EVS_R05_2017_FRE_FR_32,EVS_R05_2017,C,RESPONSE,Q31,888,NSP,False
EVS_R05_2017_FRE_FR_33,EVS_R05_2017,C,INSTRUCTION,Q32,,MONTRER CARTE,False
EVS_R05_2017_FRE_FR_33,EVS_R05_2017,C,REQUEST,Q32,,Sur cette carte figurent des opinions opposées sur différents sujets.,False
EVS_R05_2017_FRE_FR_33,EVS_R05_2017,C,REQUEST,Q32,,Où vous situez-vous sur cette échelle ?,False
EVS_R05_2017_FRE_FR_33,EVS_R05_2017,C,RESPONSE,Q32,1,Les individus devraient avoir davantage la responsabilité de subvenir à leurs propres besoins,False
EVS_R05_2017_FRE_FR_33,EVS_R05_2017,C,RESPONSE,Q32,10,L'État devrait avoir davantage la responsabilité d'assurer à chacun ses besoins,False
EVS_R05_2017_FRE_FR_33,EVS_R05_2017,C,RESPONSE,Q32,888,NSP,False
EVS_R05_2017_FRE_FR_33,EVS_R05_2017,C,RESPONSE,Q32,1,Les chômeurs devraient être obligés d'accepter tout emploi disponible ou bien perdre leur indemnité de chômage,False
EVS_R05_2017_FRE_FR_33,EVS_R05_2017,C,RESPONSE,Q32,10,Les chômeurs devraient avoir le droit de refuser un emploi qui ne leur convient pas,False
EVS_R05_2017_FRE_FR_33,EVS_R05_2017,C,RESPONSE,Q32,888,NSP,False
EVS_R05_2017_FRE_FR_33,EVS_R05_2017,C,RESPONSE,Q32,1,La concurrence est une bonne chose,False
EVS_R05_2017_FRE_FR_33,EVS_R05_2017,C,RESPONSE,Q32,10,La concurrence est dangereuse,False
EVS_R05_2017_FRE_FR_33,EVS_R05_2017,C,RESPONSE,Q32,888,NSP,False
EVS_R05_2017_FRE_FR_33,EVS_R05_2017,C,RESPONSE,Q32,1,Les revenus devraient être plus égalitaires,False
EVS_R05_2017_FRE_FR_33,EVS_R05_2017,C,RESPONSE,Q32,10,Il faudrait encourager davantage les efforts individuels,False
EVS_R05_2017_FRE_FR_33,EVS_R05_2017,C,RESPONSE,Q32,888,NSP,False
EVS_R05_2017_FRE_FR_33,EVS_R05_2017,C,RESPONSE,Q32,1,La propriété privée des entreprises et des industries devrait être développée,False
EVS_R05_2017_FRE_FR_33,EVS_R05_2017,C,RESPONSE,Q32,10,La nationalisation des entreprises et des industries devrait être développée,False
EVS_R05_2017_FRE_FR_33,EVS_R05_2017,C,RESPONSE,Q32,888,NSP,False
EVS_R05_2017_FRE_FR_34,EVS_R05_2017,C,INSTRUCTION,Q33,,MONTRER CARTE,False
EVS_R05_2017_FRE_FR_34,EVS_R05_2017,C,REQUEST,Q33,,On dit beaucoup de choses au sujet des buts que la France devrait s'efforcer d'atteindre au cours des dix prochaines années.,False
EVS_R05_2017_FRE_FR_34,EVS_R05_2017,C,REQUEST,Q33,,"Parmi les buts figurant sur cette liste, voulez-vous m'indiquer celui qui vous paraît le plus important ?",False
EVS_R05_2017_FRE_FR_34,EVS_R05_2017,C,RESPONSE,Q33,888,NSP,False
EVS_R05_2017_FRE_FR_35,EVS_R05_2017,C,REQUEST,Q33a,,CONTINUER A MONTRER LA CARTE 33 – LIRE ET CODER UNE SEULE RÉPONSE POUR Q33a,False
EVS_R05_2017_FRE_FR_35,EVS_R05_2017,C,RESPONSE,Q33a,888,NSP,False
EVS_R05_2017_FRE_FR_36,EVS_R05_2017,C,INSTRUCTION,Q34,,MONTRER CARTE,False
EVS_R05_2017_FRE_FR_36,EVS_R05_2017,C,REQUEST,Q34,,"Si vous deviez choisir parmi les objectifs suivants, lequel vous paraît le plus important ?",False
EVS_R05_2017_FRE_FR_36,EVS_R05_2017,C,REQUEST,Q34,,Premier choix,False
EVS_R05_2017_FRE_FR_36,EVS_R05_2017,C,RESPONSE,Q34,888,NSP,False
EVS_R05_2017_FRE_FR_37,EVS_R05_2017,C,REQUEST,Q35,,CONTINUER A MONTRER LA CARTE 34 – LIRE ET CODER UNE SEULE RÉPONSE POUR Q35,False
EVS_R05_2017_FRE_FR_37,EVS_R05_2017,C,REQUEST,Q35,,Second choix,False
EVS_R05_2017_FRE_FR_37,EVS_R05_2017,C,RESPONSE,Q35,888,NSP,False
EVS_R05_2017_FRE_FR_38,EVS_R05_2017,C,REQUEST,Q36,,"Naturellement, nous espérons tous qu'il n'y aura pas d'autre guerre ; mais si cela devait arriver, seriez-vous prêt à vous battre pour votre pays ?",False
EVS_R05_2017_FRE_FR_38,EVS_R05_2017,C,RESPONSE,Q36,888,Ne sait pas (spontané),False
EVS_R05_2017_FRE_FR_38,EVS_R05_2017,C,RESPONSE,Q36,999,Non réponse (spontané),False
EVS_R05_2017_FRE_FR_39,EVS_R05_2017,C,INSTRUCTION,Q37,,MONTRER CARTE,False
EVS_R05_2017_FRE_FR_39,EVS_R05_2017,C,REQUEST,Q37,,Je vais vous citer deux changements qui pourraient se produire dans notre manière de vivre d'ici quelque temps.,False
EVS_R05_2017_FRE_FR_39,EVS_R05_2017,C,REQUEST,Q37,,"Si cela arrivait, pensez-vous que ce serait une bonne chose, une mauvaise chose ou ça vous est égal ?",False
EVS_R05_2017_FRE_FR_39,EVS_R05_2017,C,REQUEST,Q37,,Moins d'importance donnée au travail dans nos vies,False
EVS_R05_2017_FRE_FR_39,EVS_R05_2017,C,RESPONSE,Q37,1,Une bonne chose,False
EVS_R05_2017_FRE_FR_39,EVS_R05_2017,C,RESPONSE,Q37,2,Une mauvaise chose,False
EVS_R05_2017_FRE_FR_39,EVS_R05_2017,C,RESPONSE,Q37,3,Ça vous est égal,False
EVS_R05_2017_FRE_FR_39,EVS_R05_2017,C,RESPONSE,Q37,888,NSP,False
EVS_R05_2017_FRE_FR_40,EVS_R05_2017,C,INSTRUCTION,Q38,,MONTRER CARTE,False
EVS_R05_2017_FRE_FR_40,EVS_R05_2017,C,REQUEST,Q38,,"Pour chacune des institutions que je vais vous citer, voulez-vous me dire dans quelle mesure vous avez confiance ou pas ?",False
EVS_R05_2017_FRE_FR_40,EVS_R05_2017,C,RESPONSE,Q38,1,Une grande confiance,False
EVS_R05_2017_FRE_FR_40,EVS_R05_2017,C,RESPONSE,Q38,2,Une certaine confiance,False
EVS_R05_2017_FRE_FR_40,EVS_R05_2017,C,RESPONSE,Q38,3,Peu de confiance,False
EVS_R05_2017_FRE_FR_40,EVS_R05_2017,C,RESPONSE,Q38,4,Pas confiance du tout,False
EVS_R05_2017_FRE_FR_40,EVS_R05_2017,C,RESPONSE,Q38,888,NSP,False
EVS_R05_2017_FRE_FR_41,EVS_R05_2017,C,INSTRUCTION,Q39,,MONTRER CARTE,False
EVS_R05_2017_FRE_FR_41,EVS_R05_2017,C,REQUEST,Q39,,"Beaucoup de choses sont souhaitables, mais toutes ne sont pas des caractéristiques essentielles de la démocratie.",False
EVS_R05_2017_FRE_FR_41,EVS_R05_2017,C,REQUEST,Q39,,"Pouvez-vous me dire, pour chacun des points suivants, s'il s'agit selon vous d'une caractéristique essentielle de la démocratie ?",False
EVS_R05_2017_FRE_FR_41,EVS_R05_2017,C,REQUEST,Q39,,Utilisez cette échelle sur laquelle 1 signifie “ce n'est pas du tout une caractéristique essentielle de la démocratie” et 10 signifie “c'est une caractéristique essentielle de la démocratie”.,False
EVS_R05_2017_FRE_FR_41,EVS_R05_2017,C,RESPONSE,Q39,1,Translation,False
EVS_R05_2017_FRE_FR_41,EVS_R05_2017,C,RESPONSE,Q39,10,Est une caractéristique essentielle de la démocratie,False
EVS_R05_2017_FRE_FR_41,EVS_R05_2017,C,RESPONSE,Q39,0,C'est anti-démocratique [NE PAS LIRE],False
EVS_R05_2017_FRE_FR_41,EVS_R05_2017,C,RESPONSE,Q39,888,NSP,False
EVS_R05_2017_FRE_FR_42,EVS_R05_2017,C,INSTRUCTION,Q40,,MONTRER CARTE,False
EVS_R05_2017_FRE_FR_42,EVS_R05_2017,C,RESPONSE,Q40,1,Pas du tout important,False
EVS_R05_2017_FRE_FR_42,EVS_R05_2017,C,RESPONSE,Q40,10,Absolument important,False
EVS_R05_2017_FRE_FR_42,EVS_R05_2017,C,RESPONSE,Q40,888,NSP,False
EVS_R05_2017_FRE_FR_43,EVS_R05_2017,C,INSTRUCTION,Q41,,MONTRER CARTE,False
EVS_R05_2017_FRE_FR_43,EVS_R05_2017,C,RESPONSE,Q41,1,Pas du tout démocratique,False
EVS_R05_2017_FRE_FR_43,EVS_R05_2017,C,RESPONSE,Q41,10,Complètement démocratique,False
EVS_R05_2017_FRE_FR_43,EVS_R05_2017,C,RESPONSE,Q41,888,NSP,False
EVS_R05_2017_FRE_FR_44,EVS_R05_2017,C,INSTRUCTION,Q42,,MONTRER CARTE,False
EVS_R05_2017_FRE_FR_44,EVS_R05_2017,C,RESPONSE,Q42,1,Pas du tout satisfait,False
EVS_R05_2017_FRE_FR_44,EVS_R05_2017,C,RESPONSE,Q42,10,Complètement satisfait,False
EVS_R05_2017_FRE_FR_44,EVS_R05_2017,C,RESPONSE,Q42,888,NSP,False
EVS_R05_2017_FRE_FR_45,EVS_R05_2017,C,INSTRUCTION,Q43,,MONTRER CARTE,False
EVS_R05_2017_FRE_FR_45,EVS_R05_2017,C,REQUEST,Q43,,Je vais vous décrire différents types de systèmes politiques et vous demander ce que vous en pensez pour gouverner ce pays.,False
EVS_R05_2017_FRE_FR_45,EVS_R05_2017,C,REQUEST,Q43,,"Pour chacun, veuillez me dire si cette façon de gouverner le pays serait très bonne, assez bonne, assez mauvaise ou très mauvaise.",False
EVS_R05_2017_FRE_FR_45,EVS_R05_2017,C,RESPONSE,Q43,1,Très bonne,False
EVS_R05_2017_FRE_FR_45,EVS_R05_2017,C,RESPONSE,Q43,2,Assez bonne,False
EVS_R05_2017_FRE_FR_45,EVS_R05_2017,C,RESPONSE,Q43,3,Assez mauvaise,False
EVS_R05_2017_FRE_FR_45,EVS_R05_2017,C,RESPONSE,Q43,4,Très mauvaise,False
EVS_R05_2017_FRE_FR_45,EVS_R05_2017,C,RESPONSE,Q43,888,NSP,False
EVS_R05_2017_FRE_FR_46,EVS_R05_2017,C,INSTRUCTION,Q44,,MONTRER CARTE,False
EVS_R05_2017_FRE_FR_46,EVS_R05_2017,C,REQUEST,Q44,,"Pour chacune des choses que je vais vous citer, voulez-vous me dire en vous plaçant sur cette échelle si vous pensez que cela peut toujours se justifier, que cela ne peut jamais se justifier ou que c'est entre les deux ?",False
EVS_R05_2017_FRE_FR_46,EVS_R05_2017,C,RESPONSE,Q44,1,Jamais justifié,False
EVS_R05_2017_FRE_FR_46,EVS_R05_2017,C,RESPONSE,Q44,10,Toujours justifié,False
EVS_R05_2017_FRE_FR_46,EVS_R05_2017,C,RESPONSE,Q44,888,NSP,False
EVS_R05_2017_FRE_FR_47,EVS_R05_2017,C,INSTRUCTION,Q45,,MONTRER CARTE,False
EVS_R05_2017_FRE_FR_47,EVS_R05_2017,C,REQUEST,Q45,,Les gens ont différentes perceptions d'eux-mêmes et de leur relation au monde qui les entoure.,False
EVS_R05_2017_FRE_FR_47,EVS_R05_2017,C,REQUEST,Q45,,"En utilisant cette carte, pouvez-vous me dire à quel point vous vous sentez attaché à :",False
EVS_R05_2017_FRE_FR_47,EVS_R05_2017,C,RESPONSE,Q45,1,Très attaché,False
EVS_R05_2017_FRE_FR_47,EVS_R05_2017,C,RESPONSE,Q45,2,Assez attaché,False
EVS_R05_2017_FRE_FR_47,EVS_R05_2017,C,RESPONSE,Q45,3,Pas très attaché,False
EVS_R05_2017_FRE_FR_47,EVS_R05_2017,C,RESPONSE,Q45,4,Pas attaché du tout,False
EVS_R05_2017_FRE_FR_47,EVS_R05_2017,C,RESPONSE,Q45,888,NSP,False
EVS_R05_2017_FRE_FR_48,EVS_R05_2017,C,REQUEST,Q46,,Avez-vous la nationalité française ?,False
EVS_R05_2017_FRE_FR_48,EVS_R05_2017,C,REQUEST,Q46,,LA NATIONALITÉ EST DÉFINIE PAR LA CARTE D'IDENTITÉ OU LE PASSEPORT !,False
EVS_R05_2017_FRE_FR_48,EVS_R05_2017,C,RESPONSE,Q46,888,Ne sait pas (spontané),False
EVS_R05_2017_FRE_FR_48,EVS_R05_2017,C,RESPONSE,Q46,999,Non réponse (spontané),False
EVS_R05_2017_FRE_FR_49,EVS_R05_2017,C,REQUEST,Q47,,Diriez-vous que vous êtes fier d'être citoyen français ?,False
EVS_R05_2017_FRE_FR_49,EVS_R05_2017,C,REQUEST,Q47,,"Diriez-vous très fier, assez fier, pas très fier, pas fier du tout ?",False
EVS_R05_2017_FRE_FR_49,EVS_R05_2017,C,RESPONSE,Q47,2,Assez fier,False
EVS_R05_2017_FRE_FR_49,EVS_R05_2017,C,RESPONSE,Q47,3,Pas très fier,False
EVS_R05_2017_FRE_FR_49,EVS_R05_2017,C,RESPONSE,Q47,4,Pas fier du tout,False
EVS_R05_2017_FRE_FR_49,EVS_R05_2017,C,RESPONSE,Q47,888,Ne sait pas (spontané),False
EVS_R05_2017_FRE_FR_49,EVS_R05_2017,C,RESPONSE,Q47,999,Non réponse (spontané),False
EVS_R05_2017_FRE_FR_49,EVS_R05_2017,C,RESPONSE,Q47,777,Non concerné,False
EVS_R05_2017_FRE_FR_50,EVS_R05_2017,C,REQUEST,Q48,,"Lorsqu'il y a des élections, votez-vous toujours, souvent ou jamais ?",False
EVS_R05_2017_FRE_FR_50,EVS_R05_2017,C,REQUEST,Q48,,Pouvez-vous me répondre pour chaque niveau électoral ?,False
EVS_R05_2017_FRE_FR_50,EVS_R05_2017,C,INSTRUCTION,Q48,,INSTRUCTION ENQUÊTEUR :,False
EVS_R05_2017_FRE_FR_50,EVS_R05_2017,C,RESPONSE,Q48,1,Toujours,False
EVS_R05_2017_FRE_FR_50,EVS_R05_2017,C,RESPONSE,Q48,2,Souvent,False
EVS_R05_2017_FRE_FR_50,EVS_R05_2017,C,RESPONSE,Q48,3,Jamais,False
EVS_R05_2017_FRE_FR_50,EVS_R05_2017,C,RESPONSE,Q48,888,NSP,False
EVS_R05_2017_FRE_FR_50,EVS_R05_2017,C,RESPONSE,Q48,777,N'a pas / n'avait pas le droit de vote,False
EVS_R05_2017_FRE_FR_51,EVS_R05_2017,C,INSTRUCTION,Q49,,MONTRER CARTE,False
EVS_R05_2017_FRE_FR_51,EVS_R05_2017,C,RESPONSE,Q49,66,Translation,False
EVS_R05_2017_FRE_FR_51,EVS_R05_2017,C,RESPONSE,Q49,888,Ne sait pas (spontané),False
EVS_R05_2017_FRE_FR_51,EVS_R05_2017,C,RESPONSE,Q49,999,Non réponse (spontané),False
EVS_R05_2017_FRE_FR_52,EVS_R05_2017,C,INSTRUCTION,Q49a,,MONTRER CARTE,False
EVS_R05_2017_FRE_FR_52,EVS_R05_2017,C,RESPONSE,Q49a,66,Translation,False
EVS_R05_2017_FRE_FR_52,EVS_R05_2017,C,RESPONSE,Q49a,888,Ne sait pas (spontané),False
EVS_R05_2017_FRE_FR_52,EVS_R05_2017,C,RESPONSE,Q49a,999,Non réponse (spontané),False
EVS_R05_2017_FRE_FR_53,EVS_R05_2017,C,INSTRUCTION,Q50,,MONTRER CARTE,False
EVS_R05_2017_FRE_FR_53,EVS_R05_2017,C,REQUEST,Q50,,"Selon vous, lors d'élections dans notre pays, les situations suivantes arrivent-elles très souvent, assez souvent, pas très souvent, ou pas du tout souvent ?",False
EVS_R05_2017_FRE_FR_53,EVS_R05_2017,C,REQUEST,Q50,,Le comptage des votes est juste,False
EVS_R05_2017_FRE_FR_53,EVS_R05_2017,C,REQUEST,Q50,,Les candidats d'opposition sont empêchés de poser leur candidature,False
EVS_R05_2017_FRE_FR_53,EVS_R05_2017,C,REQUEST,Q50,,Les nouvelles télévisées favorisent le parti au pouvoir,False
EVS_R05_2017_FRE_FR_53,EVS_R05_2017,C,REQUEST,Q50,,Il y a des achats de voix,False
EVS_R05_2017_FRE_FR_53,EVS_R05_2017,C,REQUEST,Q50,,Les journalistes rendent compte des élections de manière équilibrée,False
EVS_R05_2017_FRE_FR_53,EVS_R05_2017,C,REQUEST,Q50,,Les organisateurs des élections sont équitables,False
EVS_R05_2017_FRE_FR_53,EVS_R05_2017,C,REQUEST,Q50,,Des gens riches achètent les résultats des élections,False
EVS_R05_2017_FRE_FR_53,EVS_R05_2017,C,REQUEST,Q50,,Des menaces violentes sont exercées sur les électeurs,False
EVS_R05_2017_FRE_FR_53,EVS_R05_2017,C,RESPONSE,Q50,2,Assez souvent,False
EVS_R05_2017_FRE_FR_53,EVS_R05_2017,C,RESPONSE,Q50,3,Pas très souvent,False
EVS_R05_2017_FRE_FR_53,EVS_R05_2017,C,RESPONSE,Q50,4,Pas du tout souvent,False
EVS_R05_2017_FRE_FR_53,EVS_R05_2017,C,RESPONSE,Q50,888,NSP,False
EVS_R05_2017_FRE_FR_54,EVS_R05_2017,C,INSTRUCTION,Q51,,MONTRER CARTE,False
EVS_R05_2017_FRE_FR_54,EVS_R05_2017,C,RESPONSE,Q51,5,Très bon,False
EVS_R05_2017_FRE_FR_54,EVS_R05_2017,C,RESPONSE,Q51,4,Assez bon,False
EVS_R05_2017_FRE_FR_54,EVS_R05_2017,C,RESPONSE,Q51,3,"Ni bon, ni mauvais",False
EVS_R05_2017_FRE_FR_54,EVS_R05_2017,C,RESPONSE,Q51,2,Assez mauvais,False
EVS_R05_2017_FRE_FR_54,EVS_R05_2017,C,RESPONSE,Q51,1,Très mauvais,False
EVS_R05_2017_FRE_FR_54,EVS_R05_2017,C,RESPONSE,Q51,888,Ne sait pas (spontané),False
EVS_R05_2017_FRE_FR_54,EVS_R05_2017,C,RESPONSE,Q51,999,Non réponse (spontané),False
EVS_R05_2017_FRE_FR_55,EVS_R05_2017,C,INSTRUCTION,Q52,,MONTRER CARTE,False
EVS_R05_2017_FRE_FR_55,EVS_R05_2017,C,REQUEST,Q52,,Voici différentes phrases.,False
EVS_R05_2017_FRE_FR_55,EVS_R05_2017,C,REQUEST,Q52,,"Personnellement, où vous situez-vous sur ces échelles ?",False
EVS_R05_2017_FRE_FR_55,EVS_R05_2017,C,RESPONSE,Q52,1,Les immigrés prennent les emplois des Français,False
EVS_R05_2017_FRE_FR_55,EVS_R05_2017,C,RESPONSE,Q52,10,Les immigrés ne prennent pas les emplois des Français,False
EVS_R05_2017_FRE_FR_55,EVS_R05_2017,C,RESPONSE,Q52,888,NSP,False
EVS_R05_2017_FRE_FR_55,EVS_R05_2017,C,RESPONSE,Q52,10,Les immigrés n'accentuent  pas les problèmes de criminalité,False
EVS_R05_2017_FRE_FR_55,EVS_R05_2017,C,RESPONSE,Q52,888,NSP,False
EVS_R05_2017_FRE_FR_55,EVS_R05_2017,C,RESPONSE,Q52,10,Les immigrés ne sont pas une charge pour la sécurité sociale d'un pays,False
EVS_R05_2017_FRE_FR_55,EVS_R05_2017,C,RESPONSE,Q52,888,NSP,False
EVS_R05_2017_FRE_FR_55,EVS_R05_2017,C,RESPONSE,Q52,10,Translation,False
EVS_R05_2017_FRE_FR_55,EVS_R05_2017,C,RESPONSE,Q52,888,NSP,False
EVS_R05_2017_FRE_FR_56,EVS_R05_2017,C,INSTRUCTION,Q53 ,,MONTRER CARTE,False
EVS_R05_2017_FRE_FR_56,EVS_R05_2017,C,REQUEST,Q53 ,,"Certaines personnes estiment que pour être vraiment Français, il est important de posséder certaines des caractéristiques suivantes.",False
EVS_R05_2017_FRE_FR_56,EVS_R05_2017,C,REQUEST,Q53 ,,"Pour d'autres, cela n'est pas important.",False
EVS_R05_2017_FRE_FR_56,EVS_R05_2017,C,REQUEST,Q53 ,,"A votre avis, pour être vraiment Français, est-il important...",False
EVS_R05_2017_FRE_FR_56,EVS_R05_2017,C,REQUEST,Q53 ,,... d'être né en France,False
EVS_R05_2017_FRE_FR_57,EVS_R05_2017,C,REQUEST,Q53,,... de respecter la loi et les institutions françaises,False
EVS_R05_2017_FRE_FR_57,EVS_R05_2017,C,REQUEST,Q53,,... d'avoir des origines françaises,False
EVS_R05_2017_FRE_FR_57,EVS_R05_2017,C,REQUEST,Q53,,... d'être capable de parler fançais,False
EVS_R05_2017_FRE_FR_57,EVS_R05_2017,C,REQUEST,Q53,,...de partager la culture française,False
EVS_R05_2017_FRE_FR_58,EVS_R05_2017,C,RESPONSE,Q53 ,888,NSP,False
EVS_R05_2017_FRE_FR_59,EVS_R05_2017,C,INSTRUCTION,Q54,,MONTRER CARTE,False
EVS_R05_2017_FRE_FR_59,EVS_R05_2017,C,REQUEST,Q54,,Les gens ont différentes manières de définir un Européen.,False
EVS_R05_2017_FRE_FR_59,EVS_R05_2017,C,REQUEST,Q54,,"Selon vous, pour être Européen, dans quelle mesure est-il important...",False
EVS_R05_2017_FRE_FR_59,EVS_R05_2017,C,REQUEST,Q54,,...d'être né en Europe,False
EVS_R05_2017_FRE_FR_59,EVS_R05_2017,C,REQUEST,Q54,,...d'avoir des origines européennes,False
EVS_R05_2017_FRE_FR_59,EVS_R05_2017,C,REQUEST,Q54,,...d'être chrétien,False
EVS_R05_2017_FRE_FR_59,EVS_R05_2017,C,REQUEST,Q54,,...de partager la culture européenne,False
EVS_R05_2017_FRE_FR_59,EVS_R05_2017,C,RESPONSE,Q54,888,NSP,False
EVS_R05_2017_FRE_FR_60,EVS_R05_2017,C,INSTRUCTION,Q55,,MONTRER CARTE,False
EVS_R05_2017_FRE_FR_60,EVS_R05_2017,C,RESPONSE,Q55,1,L'élargissement devrait continuer,False
EVS_R05_2017_FRE_FR_60,EVS_R05_2017,C,RESPONSE,Q55,10,L'élargissement est allé trop loin,False
EVS_R05_2017_FRE_FR_60,EVS_R05_2017,C,RESPONSE,Q55,888,NSP,False
EVS_R05_2017_FRE_FR_61,EVS_R05_2017,C,INSTRUCTION,Q56,,MONTRER CARTE,False
EVS_R05_2017_FRE_FR_61,EVS_R05_2017,C,REQUEST,Q56,,Ja vais maintenant vous lire plusieurs affirmations au sujet de l'environnement.,False
EVS_R05_2017_FRE_FR_61,EVS_R05_2017,C,REQUEST,Q56,,"Pour chacune d'entre elles, pourriez-vous me dire dans quelle mesure vous êtes d'accord ou pas d'accord ?",False
EVS_R05_2017_FRE_FR_61,EVS_R05_2017,C,REQUEST,Q56,,Je donnerais une partie de mes revenus si j'étais sûr que l'argent soit utilisé pour éviter la pollution de l'environnement,False
EVS_R05_2017_FRE_FR_61,EVS_R05_2017,C,REQUEST,Q56,,C'est juste trop difficile pour les gens comme moi de vraiment agir pour l'environnement,False
EVS_R05_2017_FRE_FR_61,EVS_R05_2017,C,REQUEST,Q56,,Il y a plus important à faire dans la vie que de protéger l'environnement,False
EVS_R05_2017_FRE_FR_61,EVS_R05_2017,C,REQUEST,Q56,,Ça ne sert à rien de faire ce que je peux pour l'environnement si les autres ne font pas la même chose,False
EVS_R05_2017_FRE_FR_61,EVS_R05_2017,C,REQUEST,Q56,,Beaucoup des affirmations sur les menaces environnementales sont exagérées,False
EVS_R05_2017_FRE_FR_61,EVS_R05_2017,C,RESPONSE,Q56,888,NSP,False
EVS_R05_2017_FRE_FR_62,EVS_R05_2017,C,INSTRUCTION,Q57,,MONTRER CARTE,False
EVS_R05_2017_FRE_FR_62,EVS_R05_2017,C,REQUEST,Q57,,Voici deux affirmations qu'on entend parfois quand les gens discutent de l'environnement et de la croissance économique.,False
EVS_R05_2017_FRE_FR_62,EVS_R05_2017,C,REQUEST,Q57,,Laquelle se rapproche le plus de votre point de vue ?,False
EVS_R05_2017_FRE_FR_62,EVS_R05_2017,C,RESPONSE,Q57,2,"B. On devrait donner la priorité à la croissance économique et à la création d'emplois, même si l'environnement en souffre d'une manière ou d'une autre",False
EVS_R05_2017_FRE_FR_62,EVS_R05_2017,C,RESPONSE,Q57,3,Autre réponse (spontanée),False
EVS_R05_2017_FRE_FR_62,EVS_R05_2017,C,RESPONSE,Q57,888,Ne sait pas (spontané),False
EVS_R05_2017_FRE_FR_62,EVS_R05_2017,C,RESPONSE,Q57,999,Non réponse (spontané),False
EVS_R05_2017_FRE_FR_63,EVS_R05_2017,C,INSTRUCTION,Q58,,MONTRER CARTE,False
EVS_R05_2017_FRE_FR_63,EVS_R05_2017,C,REQUEST,Q58,,"Selon vous, le gouvernement français devrait-il ou non avoir le droit de...",False
EVS_R05_2017_FRE_FR_63,EVS_R05_2017,C,REQUEST,Q58,,... mettre les individus sous vidéo-surveillance dans les espaces publics ?,False
EVS_R05_2017_FRE_FR_63,EVS_R05_2017,C,REQUEST,Q58,,... surveiller tous les e-mails et autres informations échangées sur Internet ?,False
EVS_R05_2017_FRE_FR_63,EVS_R05_2017,C,REQUEST,Q58,,... récolter des informations sur toute personne vivant en France sans qu'elle le sache ?,False
EVS_R05_2017_FRE_FR_63,EVS_R05_2017,C,RESPONSE,Q58,2,Devrait probablement avoir le droit,False
EVS_R05_2017_FRE_FR_63,EVS_R05_2017,C,RESPONSE,Q58,3,Ne devrait probablement pas avoir  le droit,False
EVS_R05_2017_FRE_FR_63,EVS_R05_2017,C,RESPONSE,Q58,4,Ne devrait absolument pas avoir le droit,False
EVS_R05_2017_FRE_FR_63,EVS_R05_2017,C,RESPONSE,Q58,888,NSP,False
EVS_R05_2017_FRE_FR_64,EVS_R05_2017,C,INSTRUCTION,Q59,,MONTRER CARTE,False
EVS_R05_2017_FRE_FR_64,EVS_R05_2017,C,REQUEST,Q59,,À quelle fréquence suivez-vous la politique...,False
EVS_R05_2017_FRE_FR_64,EVS_R05_2017,C,REQUEST,Q59,,...à la télévision,False
EVS_R05_2017_FRE_FR_64,EVS_R05_2017,C,REQUEST,Q59,,...à la radio,False
EVS_R05_2017_FRE_FR_64,EVS_R05_2017,C,REQUEST,Q59,,...dans les journaux quotidiens,False
EVS_R05_2017_FRE_FR_64,EVS_R05_2017,C,REQUEST,Q59,,...sur les réseaux sociaux,False
EVS_R05_2017_FRE_FR_64,EVS_R05_2017,C,RESPONSE,Q59,2,Plusieurs fois par semaine,False
EVS_R05_2017_FRE_FR_64,EVS_R05_2017,C,RESPONSE,Q59,3,Une ou deux fois par semaine,False
EVS_R05_2017_FRE_FR_64,EVS_R05_2017,C,RESPONSE,Q59,4,Moins souvent,False
EVS_R05_2017_FRE_FR_64,EVS_R05_2017,C,RESPONSE,Q59,5,Jamais,False
EVS_R05_2017_FRE_FR_64,EVS_R05_2017,C,RESPONSE,Q59,888,NSP,False
EVS_R05_2017_FRE_FR_65,EVS_R05_2017,C,INSTRUCTION,Q60,,MONTRER CARTE,False
EVS_R05_2017_FRE_FR_65,EVS_R05_2017,C,REQUEST,Q60,,Dans quelle mesure vous sentez-vous concerné par les conditions de vie :,False
EVS_R05_2017_FRE_FR_65,EVS_R05_2017,C,REQUEST,Q60,,...des gens de votre voisinage ?,False
EVS_R05_2017_FRE_FR_65,EVS_R05_2017,C,REQUEST,Q60,,...des gens de la région où vous habitez ?,False
EVS_R05_2017_FRE_FR_65,EVS_R05_2017,C,REQUEST,Q60,,...de vos concitoyens ?,False
EVS_R05_2017_FRE_FR_65,EVS_R05_2017,C,REQUEST,Q60,,...des Européens ?,False
EVS_R05_2017_FRE_FR_65,EVS_R05_2017,C,REQUEST,Q60,,...de l'humanité tout entière ?,False
EVS_R05_2017_FRE_FR_65,EVS_R05_2017,C,RESPONSE,Q60,888,NSP,False
EVS_R05_2017_FRE_FR_66,EVS_R05_2017,C,INSTRUCTION,Q61,,MONTRER CARTE,False
EVS_R05_2017_FRE_FR_66,EVS_R05_2017,C,REQUEST,Q61,,Dans quelle mesure vous sentez-vous concerné par les conditions de vie ...,False
EVS_R05_2017_FRE_FR_66,EVS_R05_2017,C,REQUEST,Q61,,...des personnes âgées,False
EVS_R05_2017_FRE_FR_66,EVS_R05_2017,C,REQUEST,Q61,,...des chômeurs,False
EVS_R05_2017_FRE_FR_66,EVS_R05_2017,C,REQUEST,Q61,,...des immigrés,False
EVS_R05_2017_FRE_FR_66,EVS_R05_2017,C,REQUEST,Q61,,...des malades ou handicapés,False
EVS_R05_2017_FRE_FR_66,EVS_R05_2017,C,RESPONSE,Q61,888,NSP,False
EVS_R05_2017_FRE_FR_67,EVS_R05_2017,C,INSTRUCTION,Q62,,MONTRER CARTE,False
EVS_R05_2017_FRE_FR_67,EVS_R05_2017,C,REQUEST,Q62,,Qu'est ce qu'une société devrait assurer à ses membres ?,False
EVS_R05_2017_FRE_FR_67,EVS_R05_2017,C,REQUEST,Q62,,"Pour chaque affirmation, pouvez-vous me dire si vous la considérez comme importante ou pas ?",False
EVS_R05_2017_FRE_FR_68,EVS_R05_2017,D,INTRODUCTION,INTRO4,,CARACTÉRISTIQUES DÉMOGRAPHIQUES,False
EVS_R05_2017_FRE_FR_69,EVS_R05_2017,D,REQUEST,Q63,,Sexe de la personne interrogée,False
EVS_R05_2017_FRE_FR_69,EVS_R05_2017,D,RESPONSE,Q63,1,Homme,False
EVS_R05_2017_FRE_FR_69,EVS_R05_2017,D,RESPONSE,Q63,2,Femme,False
EVS_R05_2017_FRE_FR_69,EVS_R05_2017,D,RESPONSE,Q63,888,Ne sait pas (spontané),False
EVS_R05_2017_FRE_FR_69,EVS_R05_2017,D,RESPONSE,Q63,999,Non réponse (spontané),False
EVS_R05_2017_FRE_FR_70,EVS_R05_2017,D,REQUEST,Q64,,Quelle est votre année de naissance ?,False
EVS_R05_2017_FRE_FR_70,EVS_R05_2017,D,RESPONSE,Q64,888,Ne sait pas (spontané),False
EVS_R05_2017_FRE_FR_70,EVS_R05_2017,D,RESPONSE,Q64,999,Non réponse (spontané),False
EVS_R05_2017_FRE_FR_71,EVS_R05_2017,D,REQUEST,Q65,,Etes-vous né en France métropolitaine ?,False
EVS_R05_2017_FRE_FR_71,EVS_R05_2017,D,RESPONSE,Q65,888,Ne sait pas (spontané),False
EVS_R05_2017_FRE_FR_71,EVS_R05_2017,D,RESPONSE,Q65,999,Non réponse (spontané),False
EVS_R05_2017_FRE_FR_72,EVS_R05_2017,D,REQUEST,Q66,,Dans quel pays ou territoire êtes-vous né ?,False
EVS_R05_2017_FRE_FR_72,EVS_R05_2017,D,INSTRUCTION,Q66,,INSTITUT : PRE-CODER SELON LA NOMENCLATURE ISO 3166-1 (SUR 2 POSITIONS) /,False
EVS_R05_2017_FRE_FR_72,EVS_R05_2017,D,RESPONSE,Q66,2,Code :,False
EVS_R05_2017_FRE_FR_72,EVS_R05_2017,D,RESPONSE,Q66,888,Ne sait pas (spontané),False
EVS_R05_2017_FRE_FR_72,EVS_R05_2017,D,RESPONSE,Q66,999,Non réponse (spontané),False
EVS_R05_2017_FRE_FR_72,EVS_R05_2017,D,RESPONSE,Q66,777,Non concerné,False
EVS_R05_2017_FRE_FR_73,EVS_R05_2017,D,REQUEST,Q67,,Dites-moi en quelle année vous êtes venu vivre en France pour la première fois ?,False
EVS_R05_2017_FRE_FR_73,EVS_R05_2017,D,RESPONSE,Q67,1,Ecrire l'année :,False
EVS_R05_2017_FRE_FR_73,EVS_R05_2017,D,RESPONSE,Q67,888,Ne sait pas (spontané),False
EVS_R05_2017_FRE_FR_73,EVS_R05_2017,D,RESPONSE,Q67,999,Non réponse (spontané),False
EVS_R05_2017_FRE_FR_73,EVS_R05_2017,D,RESPONSE,Q67,777,Non concerné,False
EVS_R05_2017_FRE_FR_74,EVS_R05_2017,D,INSTRUCTION,Q68,,DEMANDER A TOUS,False
EVS_R05_2017_FRE_FR_74,EVS_R05_2017,D,RESPONSE,Q68,888,Ne sait pas (spontané),False
EVS_R05_2017_FRE_FR_74,EVS_R05_2017,D,RESPONSE,Q68,999,Non réponse (spontané),False
EVS_R05_2017_FRE_FR_75,EVS_R05_2017,D,REQUEST,Q69,,Dans quel pays ou territoire votre père est-il né ?,False
EVS_R05_2017_FRE_FR_75,EVS_R05_2017,D,INSTRUCTION,Q69,,INSTITUT : PRE-CODER SELON LA NOMENCLATURE ISO 3166-1 (SUR 2 POSITIONS) /,False
EVS_R05_2017_FRE_FR_75,EVS_R05_2017,D,RESPONSE,Q69,2,Code :,False
EVS_R05_2017_FRE_FR_75,EVS_R05_2017,D,RESPONSE,Q69,888,Ne sait pas (spontané),False
EVS_R05_2017_FRE_FR_75,EVS_R05_2017,D,RESPONSE,Q69,999,Non réponse (spontané),False
EVS_R05_2017_FRE_FR_75,EVS_R05_2017,D,RESPONSE,Q69,777,Non concerné,False
EVS_R05_2017_FRE_FR_76,EVS_R05_2017,D,INSTRUCTION,Q70,,DEMANDER A TOUS,False
EVS_R05_2017_FRE_FR_76,EVS_R05_2017,D,RESPONSE,Q70,888,Ne sait pas (spontané),False
EVS_R05_2017_FRE_FR_76,EVS_R05_2017,D,RESPONSE,Q70,999,Non réponse (spontané),False
EVS_R05_2017_FRE_FR_77,EVS_R05_2017,D,REQUEST,Q71,,Dans quel pays ou territoire votre mère est-elle née ?,False
EVS_R05_2017_FRE_FR_77,EVS_R05_2017,D,INSTRUCTION,Q71,,INSTITUT : PRE-CODER SELON LA NOMENCLATURE ISO 3166-1 (SUR 2 POSITIONS) /,False
EVS_R05_2017_FRE_FR_77,EVS_R05_2017,D,RESPONSE,Q71,2,Code :,False
EVS_R05_2017_FRE_FR_77,EVS_R05_2017,D,RESPONSE,Q71,888,Ne sait pas (spontané),False
EVS_R05_2017_FRE_FR_77,EVS_R05_2017,D,RESPONSE,Q71,999,Non réponse (spontané),False
EVS_R05_2017_FRE_FR_77,EVS_R05_2017,D,RESPONSE,Q71,777,Non concerné,False
EVS_R05_2017_FRE_FR_78,EVS_R05_2017,D,INSTRUCTION,Q72,,DEMANDER A TOUS,False
EVS_R05_2017_FRE_FR_78,EVS_R05_2017,D,REQUEST,Q72,,"VEUF OU DIVORCE D'UN MARIAGE OU D'UN PACS, PAS D'UNE COHABITATION - SI CELIBATAIRE, CONCUBIN, COUPLE EN UNION LIBRE : CODER 6 « n'a jamais été marié ou pacsé auparavant »",False
EVS_R05_2017_FRE_FR_78,EVS_R05_2017,D,RESPONSE,Q72,2,Pacsé,False
EVS_R05_2017_FRE_FR_78,EVS_R05_2017,D,RESPONSE,Q72,3,Veuf,False
EVS_R05_2017_FRE_FR_78,EVS_R05_2017,D,RESPONSE,Q72,4,Divorcé,False
EVS_R05_2017_FRE_FR_78,EVS_R05_2017,D,RESPONSE,Q72,5,Séparé,False
EVS_R05_2017_FRE_FR_78,EVS_R05_2017,D,RESPONSE,Q72,6,N'a jamais été marié ou pacsé auparavant,False
EVS_R05_2017_FRE_FR_78,EVS_R05_2017,D,RESPONSE,Q72,888,Ne sait pas (spontané),False
EVS_R05_2017_FRE_FR_78,EVS_R05_2017,D,RESPONSE,Q72,999,Non réponse (spontané),False
EVS_R05_2017_FRE_FR_79,EVS_R05_2017,D,REQUEST,Q73,,Avez-vous vécu ensemble avec votre conjoint avant votre mariage / avant votre Pacs ?,False
EVS_R05_2017_FRE_FR_79,EVS_R05_2017,D,RESPONSE,Q73,888,Ne sait pas (spontané),False
EVS_R05_2017_FRE_FR_79,EVS_R05_2017,D,RESPONSE,Q73,999,Non réponse (spontané),False
EVS_R05_2017_FRE_FR_79,EVS_R05_2017,D,RESPONSE,Q73,777,Non concerné,False
EVS_R05_2017_FRE_FR_80,EVS_R05_2017,D,REQUEST,Q74,,Vivez-vous avec un conjoint ou un compagnon ?,False
EVS_R05_2017_FRE_FR_80,EVS_R05_2017,D,RESPONSE,Q74,888,Ne sait pas (spontané),False
EVS_R05_2017_FRE_FR_80,EVS_R05_2017,D,RESPONSE,Q74,999,Non réponse (spontané),False
EVS_R05_2017_FRE_FR_80,EVS_R05_2017,D,RESPONSE,Q74,777,Non concerné,False
EVS_R05_2017_FRE_FR_81,EVS_R05_2017,D,REQUEST,Q75,,Avez-vous une relation stable ?,False
EVS_R05_2017_FRE_FR_81,EVS_R05_2017,D,RESPONSE,Q75,888,Ne sait pas (spontané),False
EVS_R05_2017_FRE_FR_81,EVS_R05_2017,D,RESPONSE,Q75,999,Non réponse (spontané),False
EVS_R05_2017_FRE_FR_81,EVS_R05_2017,D,RESPONSE,Q75,777,Non concerné,False
EVS_R05_2017_FRE_FR_82,EVS_R05_2017,D,INSTRUCTION,Q76,,DEMANDER A TOUS,False
EVS_R05_2017_FRE_FR_82,EVS_R05_2017,D,INSTRUCTION,Q76,,INSTRUCTION ENQUÊTEUR :,False
EVS_R05_2017_FRE_FR_82,EVS_R05_2017,D,RESPONSE,Q76,1,Non,False
EVS_R05_2017_FRE_FR_82,EVS_R05_2017,D,RESPONSE,Q76,2,"Oui, mes parents",False
EVS_R05_2017_FRE_FR_82,EVS_R05_2017,D,RESPONSE,Q76,3,"Oui, mes beaux-parents",False
EVS_R05_2017_FRE_FR_82,EVS_R05_2017,D,RESPONSE,Q76,4,"Oui, mes parents et beaux-parents",False
EVS_R05_2017_FRE_FR_82,EVS_R05_2017,D,RESPONSE,Q76,888,Ne sait pas (spontané),False
EVS_R05_2017_FRE_FR_82,EVS_R05_2017,D,RESPONSE,Q76,999,Non réponse (spontané),False
EVS_R05_2017_FRE_FR_83,EVS_R05_2017,D,REQUEST,Q77,,Combien d'enfants avez-vous ?,False
EVS_R05_2017_FRE_FR_83,EVS_R05_2017,D,REQUEST,Q77,,Combien habitent chez vous et combien vivent en dehors ?,False
EVS_R05_2017_FRE_FR_83,EVS_R05_2017,D,RESPONSE,Q77,1,Nombre d'enfants vivant au foyer :,False
EVS_R05_2017_FRE_FR_83,EVS_R05_2017,D,RESPONSE,Q77,2,Nombre d'enfants vivant ailleurs :,False
EVS_R05_2017_FRE_FR_83,EVS_R05_2017,D,RESPONSE,Q77,66,Je n'ai pas d'enfants,False
EVS_R05_2017_FRE_FR_83,EVS_R05_2017,D,RESPONSE,Q77,999,Non réponse (spontané),False
EVS_R05_2017_FRE_FR_84,EVS_R05_2017,D,REQUEST,Q78,,"Combien de personnes, adultes et enfants, vous compris, vivent de façon régulière dans votre foyer ?",False
EVS_R05_2017_FRE_FR_84,EVS_R05_2017,D,RESPONSE,Q78,,Ecrire :,False
EVS_R05_2017_FRE_FR_84,EVS_R05_2017,D,RESPONSE,Q78,01,Je vis seul,False
EVS_R05_2017_FRE_FR_84,EVS_R05_2017,D,RESPONSE,Q78,999,Non réponse (spontané),False
EVS_R05_2017_FRE_FR_85,EVS_R05_2017,D,REQUEST,Q79,,Quel est l'âge du plus jeune membre de votre foyer ?,False
EVS_R05_2017_FRE_FR_85,EVS_R05_2017,D,RESPONSE,Q79,777,Non concerné,False
EVS_R05_2017_FRE_FR_85,EVS_R05_2017,D,RESPONSE,Q79,999,Non réponse (spontané),False
EVS_R05_2017_FRE_FR_86,EVS_R05_2017,D,INSTRUCTION,Q80,,DEMANDER A TOUS,False
EVS_R05_2017_FRE_FR_86,EVS_R05_2017,D,INSTRUCTION,Q80,,INSTRUCTION ENQUÊTEUR :,False
EVS_R05_2017_FRE_FR_86,EVS_R05_2017,D,REQUEST,Q80,,A quel âge comptez-vous terminer vos études ?,False
EVS_R05_2017_FRE_FR_86,EVS_R05_2017,D,RESPONSE,Q80,888,Ne sait pas (spontané),False
EVS_R05_2017_FRE_FR_86,EVS_R05_2017,D,RESPONSE,Q80,999,Non réponse (spontané),False
EVS_R05_2017_FRE_FR_87,EVS_R05_2017,D,INSTRUCTION,Q81,,MONTRER CARTE,False
EVS_R05_2017_FRE_FR_87,EVS_R05_2017,D,INSTRUCTION,Q81,,INSTRUCTION ENQUÊTEUR :,False
EVS_R05_2017_FRE_FR_87,EVS_R05_2017,D,RESPONSE,Q81,888,Ne sait pas (spontané),False
EVS_R05_2017_FRE_FR_87,EVS_R05_2017,D,RESPONSE,Q81,999,Non réponse (spontané),False
EVS_R05_2017_FRE_FR_88,EVS_R05_2017,D,INSTRUCTION,Q82,,MONTRER CARTE,False
EVS_R05_2017_FRE_FR_88,EVS_R05_2017,D,INSTRUCTION,Q82,,INSTRUCTION ENQUÊTEUR :,False
EVS_R05_2017_FRE_FR_88,EVS_R05_2017,D,INSTRUCTION,Q82,,INSTRUCTION ENQUÊTEUR :,False
EVS_R05_2017_FRE_FR_88,EVS_R05_2017,D,RESPONSE,Q82,888,Ne sait pas (spontané),False
EVS_R05_2017_FRE_FR_88,EVS_R05_2017,D,RESPONSE,Q82,999,Non réponse (spontané),False
EVS_R05_2017_FRE_FR_89,EVS_R05_2017,D,REQUEST,Q83,,"Dans votre DERNIER emploi (à temps plein ou partiel), étiez-vous salarié ou à votre compte ?",False
EVS_R05_2017_FRE_FR_89,EVS_R05_2017,D,RESPONSE,Q83,2,A votre compte,False
EVS_R05_2017_FRE_FR_89,EVS_R05_2017,D,RESPONSE,Q83,888,Ne sait pas (spontané),False
EVS_R05_2017_FRE_FR_89,EVS_R05_2017,D,RESPONSE,Q83,999,Non réponse (spontané),False
EVS_R05_2017_FRE_FR_89,EVS_R05_2017,D,RESPONSE,Q83,6,N'a jamais eu d'emploi,False
EVS_R05_2017_FRE_FR_89,EVS_R05_2017,D,RESPONSE,Q83,777,Non concerné,False
EVS_R05_2017_FRE_FR_90,EVS_R05_2017,D,INSTRUCTION,Q84,,INSTRUCTION ENQUÊTEUR :,False
EVS_R05_2017_FRE_FR_90,EVS_R05_2017,D,REQUEST,Q84,,Quelle est précisément votre profession ?,False
EVS_R05_2017_FRE_FR_90,EVS_R05_2017,D,REQUEST,Q84,,Quelle était précisément votre profession ?,False
EVS_R05_2017_FRE_FR_90,EVS_R05_2017,D,INSTRUCTION,Q84,,INSTRUCTION ENQUÊTEUR :,False
EVS_R05_2017_FRE_FR_90,EVS_R05_2017,D,REQUEST,Q84,,ECRIRE LA REPONSE DE MANIERE TRES DETAILLEE,False
EVS_R05_2017_FRE_FR_90,EVS_R05_2017,D,RESPONSE,Q84,1,Ecrire en clair :,False
EVS_R05_2017_FRE_FR_91,EVS_R05_2017,D,REQUEST,Q84a,,"Dans votre emploi principal, quel genre de travail faites-vous/faisiez-vous ?",False
EVS_R05_2017_FRE_FR_91,EVS_R05_2017,D,REQUEST,Q84a,,ECRIRE LA REPONSE DE MANIERE TRES DETAILLEE,False
EVS_R05_2017_FRE_FR_91,EVS_R05_2017,D,RESPONSE,Q84a,1,Ecrire en clair :,False
EVS_R05_2017_FRE_FR_91,EVS_R05_2017,D,INSTRUCTION,Q84a,,"INSTITUT : CODER SELON LA NOMENCLATURE ISCO08 (A 4 CHIFFRES) APRES L'INTERVIEW, SUR LA BASE DE Q84 ET Q84A",False
EVS_R05_2017_FRE_FR_91,EVS_R05_2017,D,RESPONSE,Q84a,888,Ne sait pas (spontané),False
EVS_R05_2017_FRE_FR_91,EVS_R05_2017,D,RESPONSE,Q84a,999,Non réponse (spontané),False
EVS_R05_2017_FRE_FR_91,EVS_R05_2017,D,RESPONSE,Q84a,777,Non concerné,False
EVS_R05_2017_FRE_FR_92,EVS_R05_2017,D,INSTRUCTION,Q85,,INSTRUCTION ENQUÊTEUR :,False
EVS_R05_2017_FRE_FR_92,EVS_R05_2017,D,REQUEST,Q85,,Combien d'employés avez-vous/aviez-vous ?,False
EVS_R05_2017_FRE_FR_92,EVS_R05_2017,D,RESPONSE,Q85,888,Ne sait pas (spontané),False
EVS_R05_2017_FRE_FR_92,EVS_R05_2017,D,RESPONSE,Q85,999,Non réponse (spontané),False
EVS_R05_2017_FRE_FR_92,EVS_R05_2017,D,RESPONSE,Q85,777,Non concerné,False
EVS_R05_2017_FRE_FR_93,EVS_R05_2017,D,INSTRUCTION,Q86,,INSTRUCTION ENQUÊTEUR :,False
EVS_R05_2017_FRE_FR_93,EVS_R05_2017,D,REQUEST,Q86,,Encadrez-vous/avez-vous encadré le travail d'une ou plusieurs personnes ?,False
EVS_R05_2017_FRE_FR_93,EVS_R05_2017,D,RESPONSE,Q86,888,Ne sait pas (spontané),False
EVS_R05_2017_FRE_FR_93,EVS_R05_2017,D,RESPONSE,Q86,999,Non réponse (spontané),False
EVS_R05_2017_FRE_FR_93,EVS_R05_2017,D,RESPONSE,Q86,777,Non concerné,False
EVS_R05_2017_FRE_FR_94,EVS_R05_2017,D,REQUEST,Q86a,,Combien de personnes encadrez-vous ou encadriez-vous ?,False
EVS_R05_2017_FRE_FR_94,EVS_R05_2017,D,RESPONSE,Q86a,999,Non réponse (spontané),False
EVS_R05_2017_FRE_FR_94,EVS_R05_2017,D,RESPONSE,Q86a,777,Non concerné,False
EVS_R05_2017_FRE_FR_95,EVS_R05_2017,D,REQUEST,Q87,,Travaillez-vous pour...,False
EVS_R05_2017_FRE_FR_95,EVS_R05_2017,D,RESPONSE,Q87,2,... une entreprise privée,False
EVS_R05_2017_FRE_FR_95,EVS_R05_2017,D,RESPONSE,Q87,3,"... une organisation privée à but non lucratif (association, mutuelle, coopérative...)",False
EVS_R05_2017_FRE_FR_95,EVS_R05_2017,D,RESPONSE,Q87,888,Ne sait pas (spontané),False
EVS_R05_2017_FRE_FR_95,EVS_R05_2017,D,RESPONSE,Q87,999,Non réponse (spontané),False
EVS_R05_2017_FRE_FR_95,EVS_R05_2017,D,RESPONSE,Q87,777,Non concerné,False
EVS_R05_2017_FRE_FR_96,EVS_R05_2017,D,REQUEST,Q88,,Votre conjoint ou compagnon est-il né en France métropolitaine ?,False
EVS_R05_2017_FRE_FR_96,EVS_R05_2017,D,RESPONSE,Q88,888,Ne sait pas (spontané),False
EVS_R05_2017_FRE_FR_96,EVS_R05_2017,D,RESPONSE,Q88,999,Non réponse (spontané),False
EVS_R05_2017_FRE_FR_96,EVS_R05_2017,D,RESPONSE,Q88,777,Non concerné,False
EVS_R05_2017_FRE_FR_97,EVS_R05_2017,D,REQUEST,Q88a,,Dans quel pays ou territoire est-il né ?,False
EVS_R05_2017_FRE_FR_97,EVS_R05_2017,D,REQUEST,Q88a,,ECRIRE DE FAÇON DETAILLEE,False
EVS_R05_2017_FRE_FR_97,EVS_R05_2017,D,INSTRUCTION,Q88a,,INSTITUT : PRE-CODER SELON LA NOMENCLATURE ISO 3166-1 (SUR 2 POSITIONS) /,False
EVS_R05_2017_FRE_FR_97,EVS_R05_2017,D,RESPONSE,Q88a,2,Code :,False
EVS_R05_2017_FRE_FR_97,EVS_R05_2017,D,RESPONSE,Q88a,888,Ne sait pas (spontané),False
EVS_R05_2017_FRE_FR_97,EVS_R05_2017,D,RESPONSE,Q88a,999,Non réponse (spontané),False
EVS_R05_2017_FRE_FR_97,EVS_R05_2017,D,RESPONSE,Q88a,777,Non concerné,False
EVS_R05_2017_FRE_FR_98,EVS_R05_2017,D,INSTRUCTION,Q89,,MONTRER CARTE,False
EVS_R05_2017_FRE_FR_98,EVS_R05_2017,D,INSTRUCTION,Q89,,INSTRUCTION ENQUÊTEUR :,False
EVS_R05_2017_FRE_FR_98,EVS_R05_2017,D,RESPONSE,Q89,888,Ne sait pas (spontané),False
EVS_R05_2017_FRE_FR_98,EVS_R05_2017,D,RESPONSE,Q89,999,Non réponse (spontané),False
EVS_R05_2017_FRE_FR_98,EVS_R05_2017,D,RESPONSE,Q89,777,Non concerné,False
EVS_R05_2017_FRE_FR_99,EVS_R05_2017,D,INSTRUCTION,Q90,,MONTRER CARTE,False
EVS_R05_2017_FRE_FR_99,EVS_R05_2017,D,INSTRUCTION,Q90,,INSTRUCTION ENQUÊTEUR :,False
EVS_R05_2017_FRE_FR_99,EVS_R05_2017,D,INSTRUCTION,Q90,,INSTRUCTION ENQUÊTEUR :,False
EVS_R05_2017_FRE_FR_99,EVS_R05_2017,D,RESPONSE,Q90,888,Ne sait pas (spontané),False
EVS_R05_2017_FRE_FR_99,EVS_R05_2017,D,RESPONSE,Q90,999,Non réponse (spontané),False
EVS_R05_2017_FRE_FR_99,EVS_R05_2017,D,RESPONSE,Q90,777,Non concerné,False
EVS_R05_2017_FRE_FR_100,EVS_R05_2017,D,REQUEST,Q91,,"Dans son dernier emploi (à temps plein ou à temps partiel), était-il salarié ou à son compte ?",False
EVS_R05_2017_FRE_FR_100,EVS_R05_2017,D,RESPONSE,Q91,2,A votre compte,False
EVS_R05_2017_FRE_FR_100,EVS_R05_2017,D,RESPONSE,Q91,888,Ne sait pas (spontané),False
EVS_R05_2017_FRE_FR_100,EVS_R05_2017,D,RESPONSE,Q91,999,Non réponse (spontané),False
EVS_R05_2017_FRE_FR_100,EVS_R05_2017,D,RESPONSE,Q91,777,Non concerné,False
EVS_R05_2017_FRE_FR_101,EVS_R05_2017,D,INSTRUCTION,Q92,,INSTRUCTION ENQUÊTEUR :,False
EVS_R05_2017_FRE_FR_101,EVS_R05_2017,D,REQUEST,Q92,,Quelle est précisément sa profession ?,False
EVS_R05_2017_FRE_FR_101,EVS_R05_2017,D,REQUEST,Q92,,"SI LE PARTENAIRE AVAIT AVANT UN EMPLOI (Q91= 1 ou 2), DEMANDER :",False
EVS_R05_2017_FRE_FR_101,EVS_R05_2017,D,INSTRUCTION,Q92,,INSTRUCTION ENQUÊTEUR :,False
EVS_R05_2017_FRE_FR_101,EVS_R05_2017,D,REQUEST,Q92,,ECRIRE LA REPONSE DE MANIERE DETAILLEE !,False
EVS_R05_2017_FRE_FR_101,EVS_R05_2017,D,RESPONSE,Q92,1,Ecrire en clair :,False
EVS_R05_2017_FRE_FR_102,EVS_R05_2017,D,REQUEST,Q92a,,"Dans son emploi principal, quel genre de travail fait-il (faisait-il) ?",False
EVS_R05_2017_FRE_FR_102,EVS_R05_2017,D,REQUEST,Q92a,,Ecrire en clair :,False
EVS_R05_2017_FRE_FR_102,EVS_R05_2017,D,INSTRUCTION,Q92a,,"INSTITUT : CODER SELON LA NOMENCLATURE ISCO08 (A 4 CHIFFRES) APRES L'INTERVIEW, SUR LA BASE DE Q92 ET Q92A",False
EVS_R05_2017_FRE_FR_102,EVS_R05_2017,D,RESPONSE,Q92a,888,Ne sait pas (spontané),False
EVS_R05_2017_FRE_FR_102,EVS_R05_2017,D,RESPONSE,Q92a,999,Non réponse (spontané),False
EVS_R05_2017_FRE_FR_102,EVS_R05_2017,D,RESPONSE,Q92a,777,Non concerné,False
EVS_R05_2017_FRE_FR_103,EVS_R05_2017,D,INSTRUCTION,Q93,,INSTRUCTION ENQUÊTEUR :,False
EVS_R05_2017_FRE_FR_103,EVS_R05_2017,D,REQUEST,Q93,,Combien de personnes travaillent/travaillaient dans son entreprise ?,False
EVS_R05_2017_FRE_FR_103,EVS_R05_2017,D,RESPONSE,Q93,888,Ne sait pas (spontané),False
EVS_R05_2017_FRE_FR_103,EVS_R05_2017,D,RESPONSE,Q93,999,Non réponse (spontané),False
EVS_R05_2017_FRE_FR_103,EVS_R05_2017,D,RESPONSE,Q93,777,Non concerné,False
EVS_R05_2017_FRE_FR_104,EVS_R05_2017,D,INSTRUCTION,Q94,,INSTRUCTION ENQUÊTEUR :,False
EVS_R05_2017_FRE_FR_104,EVS_R05_2017,D,REQUEST,Q94,,Encadre/encadrait-il le travail d'une ou plusieurs personnes ?,False
EVS_R05_2017_FRE_FR_104,EVS_R05_2017,D,RESPONSE,Q94,888,Ne sait pas (spontané),False
EVS_R05_2017_FRE_FR_104,EVS_R05_2017,D,RESPONSE,Q94,999,Non réponse (spontané),False
EVS_R05_2017_FRE_FR_104,EVS_R05_2017,D,RESPONSE,Q94,777,Non concerné,False
EVS_R05_2017_FRE_FR_105,EVS_R05_2017,D,REQUEST,Q95,,Combien d'employés encadre/encadrait-il ?,False
EVS_R05_2017_FRE_FR_105,EVS_R05_2017,D,RESPONSE,Q95,888,Ne sait pas (spontané),False
EVS_R05_2017_FRE_FR_105,EVS_R05_2017,D,RESPONSE,Q95,999,Non réponse (spontané),False
EVS_R05_2017_FRE_FR_105,EVS_R05_2017,D,RESPONSE,Q95,777,Non concerné,False
EVS_R05_2017_FRE_FR_106,EVS_R05_2017,D,INSTRUCTION,Q96,,DEMANDER A TOUS,False
EVS_R05_2017_FRE_FR_106,EVS_R05_2017,D,RESPONSE,Q96,888,Ne sait pas (spontané),False
EVS_R05_2017_FRE_FR_106,EVS_R05_2017,D,RESPONSE,Q96,999,Non réponse (spontané),False
EVS_R05_2017_FRE_FR_107,EVS_R05_2017,D,REQUEST,Q97,,"Au cours des cinq dernières années, avez-vous, à un moment ou un autre, été dépendant des aides sociales ?",False
EVS_R05_2017_FRE_FR_107,EVS_R05_2017,D,REQUEST,Q97,,"NOUS ENTENDONS PAR AIDES SOCIALES, LES MINIMA SOCIAUX.",False
EVS_R05_2017_FRE_FR_107,EVS_R05_2017,D,REQUEST,Q97,,CELA N'INCLUT PAS LES ALLOCATIONS DE CHOMAGE ET LES RETRAITES.,False
EVS_R05_2017_FRE_FR_107,EVS_R05_2017,D,REQUEST,Q97,,"PAR CONTRE,SONT CONCERNES : LE RSA, LA PRIME D'ACTIVITE, l'ASS, l'ASPA, l'AAH, l'ASI, l'ATA, l'ADA, l'AV.",False
EVS_R05_2017_FRE_FR_107,EVS_R05_2017,D,RESPONSE,Q97,888,Ne sait pas (spontané),False
EVS_R05_2017_FRE_FR_107,EVS_R05_2017,D,RESPONSE,Q97,999,Non réponse (spontané),False
EVS_R05_2017_FRE_FR_108,EVS_R05_2017,D,INSTRUCTION,Q98,,MONTRER CARTE,False
EVS_R05_2017_FRE_FR_108,EVS_R05_2017,D,RESPONSE,Q98,11,moins de 1 135 euros,False
EVS_R05_2017_FRE_FR_108,EVS_R05_2017,D,RESPONSE,Q98,12,de 1 135 à moins de 1 440 euros,False
EVS_R05_2017_FRE_FR_108,EVS_R05_2017,D,RESPONSE,Q98,13,de 1 440 à moins de 1 750 euros,False
EVS_R05_2017_FRE_FR_108,EVS_R05_2017,D,RESPONSE,Q98,14,de 1 750 à moins de 2 100 euros,False
EVS_R05_2017_FRE_FR_108,EVS_R05_2017,D,RESPONSE,Q98,15,de 2 100 à moins de 2 480 euros,False
EVS_R05_2017_FRE_FR_108,EVS_R05_2017,D,RESPONSE,Q98,16,de 2 480 à moins de 2 910 euros,False
EVS_R05_2017_FRE_FR_108,EVS_R05_2017,D,RESPONSE,Q98,1777,de 2 910 à moins de 3 420 euros,False
EVS_R05_2017_FRE_FR_108,EVS_R05_2017,D,RESPONSE,Q98,1888,de 3 420 à moins de 4 090 euros,False
EVS_R05_2017_FRE_FR_108,EVS_R05_2017,D,RESPONSE,Q98,1999,de 4 090 à moins de 5 250 euros,False
EVS_R05_2017_FRE_FR_108,EVS_R05_2017,D,RESPONSE,Q98,20,5 250 euros et plus,False
EVS_R05_2017_FRE_FR_108,EVS_R05_2017,D,RESPONSE,Q98,21,moins de 13 620 euros,False
EVS_R05_2017_FRE_FR_108,EVS_R05_2017,D,RESPONSE,Q98,22,de 13 620 à moins 17 290 euros,False
EVS_R05_2017_FRE_FR_108,EVS_R05_2017,D,RESPONSE,Q98,23,de 17 290 à moins de 20 980 euros,False
EVS_R05_2017_FRE_FR_108,EVS_R05_2017,D,RESPONSE,Q98,24,de 20 980 à moins de 25 250 euros,False
EVS_R05_2017_FRE_FR_108,EVS_R05_2017,D,RESPONSE,Q98,25,de 25 250 à moins 29 730 euros,False
EVS_R05_2017_FRE_FR_108,EVS_R05_2017,D,RESPONSE,Q98,26,de 29 730 à moins de 34 920 euros,False
EVS_R05_2017_FRE_FR_108,EVS_R05_2017,D,RESPONSE,Q98,2777,de 34 920 à moins de 41 040 euros,False
EVS_R05_2017_FRE_FR_108,EVS_R05_2017,D,RESPONSE,Q98,2888,de 41 040 à moins de 49 050 euros,False
EVS_R05_2017_FRE_FR_108,EVS_R05_2017,D,RESPONSE,Q98,2999,de 49 050 à moins de 62 960 euros,False
EVS_R05_2017_FRE_FR_108,EVS_R05_2017,D,RESPONSE,Q98,30,62 960 euros et plus,False
EVS_R05_2017_FRE_FR_108,EVS_R05_2017,D,RESPONSE,Q98,888,Ne sait pas (spontané),False
EVS_R05_2017_FRE_FR_108,EVS_R05_2017,D,RESPONSE,Q98,999,Non réponse (spontané),False
EVS_R05_2017_FRE_FR_109,EVS_R05_2017,D,INSTRUCTION,Q99,,MONTRER CARTE,False
EVS_R05_2017_FRE_FR_109,EVS_R05_2017,D,INSTRUCTION,Q99,,INSTRUCTION ENQUÊTEUR :,False
EVS_R05_2017_FRE_FR_109,EVS_R05_2017,D,RESPONSE,Q99,888,Ne sait pas (spontané),False
EVS_R05_2017_FRE_FR_109,EVS_R05_2017,D,RESPONSE,Q99,999,Non réponse (spontané),False
EVS_R05_2017_FRE_FR_110,EVS_R05_2017,D,INSTRUCTION,Q100,,MONTRER CARTE,False
EVS_R05_2017_FRE_FR_110,EVS_R05_2017,D,INSTRUCTION,Q100,,INSTRUCTION ENQUÊTEUR :,False
EVS_R05_2017_FRE_FR_110,EVS_R05_2017,D,RESPONSE,Q100,888,Ne sait pas (spontané),False
EVS_R05_2017_FRE_FR_110,EVS_R05_2017,D,RESPONSE,Q100,999,Non réponse (spontané),False
EVS_R05_2017_FRE_FR_111,EVS_R05_2017,D,REQUEST,Q101,,"Quand vous aviez 14 ans, votre père était-il employé ou à son compte ou sans emploi ?",False
EVS_R05_2017_FRE_FR_111,EVS_R05_2017,D,RESPONSE,Q101,888,Ne sait pas (spontané),False
EVS_R05_2017_FRE_FR_111,EVS_R05_2017,D,RESPONSE,Q101,999,Non réponse (spontané),False
EVS_R05_2017_FRE_FR_111,EVS_R05_2017,D,RESPONSE,Q101,6,Translation,False
EVS_R05_2017_FRE_FR_112,EVS_R05_2017,D,REQUEST,Q102,,"Quand vous aviez 14 ans, votre mère était-elle employée ou à son compte ou sans emploi ?",False
EVS_R05_2017_FRE_FR_112,EVS_R05_2017,D,RESPONSE,Q102,888,Ne sait pas (spontané),False
EVS_R05_2017_FRE_FR_112,EVS_R05_2017,D,RESPONSE,Q102,999,Non réponse (spontané),False
EVS_R05_2017_FRE_FR_112,EVS_R05_2017,D,RESPONSE,Q102,6,Translation,False
EVS_R05_2017_FRE_FR_113,EVS_R05_2017,D,INSTRUCTION,Q103,,MONTRER CARTE,False
EVS_R05_2017_FRE_FR_113,EVS_R05_2017,D,RESPONSE,Q103,1,"Professions libérales, intellectuelles, scientifiques et assimilées comme médecin, enseignant, ingénieur, artiste ou expert-comptable",False
EVS_R05_2017_FRE_FR_113,EVS_R05_2017,D,RESPONSE,Q103,2,"Directeurs, cadres supérieurs comme banquier, directeur dans une grande entreprise, haut fonctionnaire, dirigeant syndical",False
EVS_R05_2017_FRE_FR_113,EVS_R05_2017,D,RESPONSE,Q103,3,"Employés de bureau et administratifs comme secrétaire, assistant de direction, aide comptable",False
EVS_R05_2017_FRE_FR_113,EVS_R05_2017,D,RESPONSE,Q103,4,"Métiers de la vente comme responsable commercial, commerçant, vendeur, agent d'assurances",False
EVS_R05_2017_FRE_FR_113,EVS_R05_2017,D,RESPONSE,Q103,5,"Métiers des services comme propriétaire de restaurant, serveur, gardien d'immeuble, coiffeur, agent de police, militaire",False
EVS_R05_2017_FRE_FR_113,EVS_R05_2017,D,RESPONSE,Q103,6,"Contremaîtres et ouvriers qualifiés comme agents de maîtrise, mécanicien automobile, imprimeur, électricien",False
EVS_R05_2017_FRE_FR_113,EVS_R05_2017,D,RESPONSE,Q103,777,"Ouvriers semi-qualifiés comme maçon, conducteur d'autobus, charpentier, plombier ou boulanger",False
EVS_R05_2017_FRE_FR_113,EVS_R05_2017,D,RESPONSE,Q103,888,"Ouvriers non qualifiés comme manœuvre, manutentionnaire, ouvrier non qualifié en usine, agent de nettoyage",False
EVS_R05_2017_FRE_FR_113,EVS_R05_2017,D,RESPONSE,Q103,999,Ouvriers agricoles,False
EVS_R05_2017_FRE_FR_113,EVS_R05_2017,D,RESPONSE,Q103,10,"Agriculteurs exploitants, responsables de grande exploitation",False
EVS_R05_2017_FRE_FR_113,EVS_R05_2017,D,RESPONSE,Q103,888,Ne sait pas (spontané),False
EVS_R05_2017_FRE_FR_113,EVS_R05_2017,D,RESPONSE,Q103,999,Non réponse (spontané),False
EVS_R05_2017_FRE_FR_113,EVS_R05_2017,D,RESPONSE,Q103,66,Translation,False
EVS_R05_2017_FRE_FR_114,EVS_R05_2017,D,INSTRUCTION,Q104,,MONTRER CARTE,False
EVS_R05_2017_FRE_FR_114,EVS_R05_2017,D,RESPONSE,Q104,1,"Oui, vraiment",False
EVS_R05_2017_FRE_FR_114,EVS_R05_2017,D,RESPONSE,Q104,2,"Oui, plutôt",False
EVS_R05_2017_FRE_FR_114,EVS_R05_2017,D,RESPONSE,Q104,3,Peu,False
EVS_R05_2017_FRE_FR_114,EVS_R05_2017,D,RESPONSE,Q104,4,"Non, vraiment pas",False
EVS_R05_2017_FRE_FR_114,EVS_R05_2017,D,RESPONSE,Q104,888,NSP,False
EVS_R05_2017_FRE_FR_114,EVS_R05_2017,D,RESPONSE,Q104,6,Translation,False
EVS_R05_2017_FRE_FR_115,EVS_R05_2017,E,INTRODUCTION,Q105,,A REMPLI PAR L'ENQUETEUR,False
EVS_R05_2017_FRE_FR_115,EVS_R05_2017,E,RESPONSE,Q105,1,Ecrire en clair :,False
EVS_R05_2017_FRE_FR_115,EVS_R05_2017,E,INSTRUCTION,Q105,,institut : PRE-CODER selon LA NOMENCLATURE NUTS 3 (SUR 5 POSITIONS),False
EVS_R05_2017_FRE_FR_116,EVS_R05_2017,E,REQUEST,Q106,,Nombre d'habitants de la commune,False
EVS_R05_2017_FRE_FR_116,EVS_R05_2017,E,RESPONSE,Q106,2,2 - 5000,False
EVS_R05_2017_FRE_FR_116,EVS_R05_2017,E,RESPONSE,Q106,3,5 - 10 000,False
EVS_R05_2017_FRE_FR_116,EVS_R05_2017,E,RESPONSE,Q106,4,10 - 20 000,False
EVS_R05_2017_FRE_FR_116,EVS_R05_2017,E,RESPONSE,Q106,5,20 - 50 000,False
EVS_R05_2017_FRE_FR_116,EVS_R05_2017,E,RESPONSE,Q106,6,50 - 100 000,False
EVS_R05_2017_FRE_FR_116,EVS_R05_2017,E,RESPONSE,Q106,777,100 - 500 000,False
EVS_R05_2017_FRE_FR_116,EVS_R05_2017,E,RESPONSE,Q106,888,500 000 et plus,False
EVS_R05_2017_FRE_FR_116,EVS_R05_2017,E,RESPONSE,Q106,888,Ne sait pas (spontané),False
EVS_R05_2017_FRE_FR_116,EVS_R05_2017,E,RESPONSE,Q106,999,Non réponse (spontané),False
EVS_R05_2017_FRE_FR_117,EVS_R05_2017,E,REQUEST,Q107,,Date de l'interview,False
EVS_R05_2017_FRE_FR_117,EVS_R05_2017,E,RESPONSE,Q107,2,Mois :,False
EVS_R05_2017_FRE_FR_117,EVS_R05_2017,E,RESPONSE,Q107,3,Année :,False
EVS_R05_2017_FRE_FR_118,EVS_R05_2017,E,REQUEST,Q108,,Durée totale de l'interview,False
EVS_R05_2017_FRE_FR_118,EVS_R05_2017,E,RESPONSE,Q108,2,Minute de début :,False
EVS_R05_2017_FRE_FR_118,EVS_R05_2017,E,RESPONSE,Q108,3,Heure de fin :,False
EVS_R05_2017_FRE_FR_118,EVS_R05_2017,E,RESPONSE,Q108,4,Minute de fin :,False
EVS_R05_2017_FRE_FR_119,EVS_R05_2017,E,REQUEST,Q109,,"Pendant l'interview, la personne interrogée a paru...",False
EVS_R05_2017_FRE_FR_119,EVS_R05_2017,E,RESPONSE,Q109,1,...très intéressée,False
EVS_R05_2017_FRE_FR_119,EVS_R05_2017,E,RESPONSE,Q109,2,...assez intéressée,False
EVS_R05_2017_FRE_FR_119,EVS_R05_2017,E,RESPONSE,Q109,3,...pas très intéressée,False
EVS_R05_2017_FRE_FR_119,EVS_R05_2017,E,RESPONSE,Q109,888,NSP,False
EVS_R05_2017_FRE_FR_120,EVS_R05_2017,E,REQUEST,Q110,,Langue utilisée pendant l'entretien :,False
EVS_R05_2017_FRE_FR_120,EVS_R05_2017,E,INSTRUCTION,Q110,,INSTITUT : CODER SELON NOMENCLATURE ISO 639-1 POUR TOUTES LES LANGUES DANS LESQUELLES LE QUESTIONNAIRE EST TRADUIT,False
EVS_R05_2017_FRE_FR_121,EVS_R05_2017,E,REQUEST,Q111,,Numéro d'enquêteur :,False
